-- MySQL dump 10.11
--
-- Host: localhost    Database: seishinkan
-- ------------------------------------------------------
-- Server version	5.0.45-Debian_1ubuntu3-log

/*!40101 SET @OLD_CHARACTER_SET_CLIENT=@@CHARACTER_SET_CLIENT */;
/*!40101 SET @OLD_CHARACTER_SET_RESULTS=@@CHARACTER_SET_RESULTS */;
/*!40101 SET @OLD_COLLATION_CONNECTION=@@COLLATION_CONNECTION */;
/*!40101 SET NAMES utf8 */;
/*!40103 SET @OLD_TIME_ZONE=@@TIME_ZONE */;
/*!40103 SET TIME_ZONE='+00:00' */;
/*!40014 SET @OLD_UNIQUE_CHECKS=@@UNIQUE_CHECKS, UNIQUE_CHECKS=0 */;
/*!40014 SET @OLD_FOREIGN_KEY_CHECKS=@@FOREIGN_KEY_CHECKS, FOREIGN_KEY_CHECKS=0 */;
/*!40101 SET @OLD_SQL_MODE=@@SQL_MODE, SQL_MODE='NO_AUTO_VALUE_ON_ZERO' */;
/*!40111 SET @OLD_SQL_NOTES=@@SQL_NOTES, SQL_NOTES=0 */;

--
-- Table structure for table `auth_group`
--

DROP TABLE IF EXISTS `auth_group`;
CREATE TABLE `auth_group` (
  `id` int(11) NOT NULL auto_increment,
  `name` varchar(80) NOT NULL,
  PRIMARY KEY  (`id`),
  UNIQUE KEY `name` (`name`)
) ENGINE=MyISAM DEFAULT CHARSET=utf8;

--
-- Dumping data for table `auth_group`
--

LOCK TABLES `auth_group` WRITE;
/*!40000 ALTER TABLE `auth_group` DISABLE KEYS */;
/*!40000 ALTER TABLE `auth_group` ENABLE KEYS */;
UNLOCK TABLES;

--
-- Table structure for table `auth_group_permissions`
--

DROP TABLE IF EXISTS `auth_group_permissions`;
CREATE TABLE `auth_group_permissions` (
  `id` int(11) NOT NULL auto_increment,
  `group_id` int(11) NOT NULL,
  `permission_id` int(11) NOT NULL,
  PRIMARY KEY  (`id`),
  UNIQUE KEY `group_id` (`group_id`,`permission_id`)
) ENGINE=MyISAM DEFAULT CHARSET=utf8;

--
-- Dumping data for table `auth_group_permissions`
--

LOCK TABLES `auth_group_permissions` WRITE;
/*!40000 ALTER TABLE `auth_group_permissions` DISABLE KEYS */;
/*!40000 ALTER TABLE `auth_group_permissions` ENABLE KEYS */;
UNLOCK TABLES;

--
-- Table structure for table `auth_message`
--

DROP TABLE IF EXISTS `auth_message`;
CREATE TABLE `auth_message` (
  `id` int(11) NOT NULL auto_increment,
  `user_id` int(11) NOT NULL,
  `message` longtext NOT NULL,
  PRIMARY KEY  (`id`),
  KEY `auth_message_user_id` (`user_id`)
) ENGINE=MyISAM AUTO_INCREMENT=194 DEFAULT CHARSET=utf8;

--
-- Dumping data for table `auth_message`
--

LOCK TABLES `auth_message` WRITE;
/*!40000 ALTER TABLE `auth_message` DISABLE KEYS */;
/*!40000 ALTER TABLE `auth_message` ENABLE KEYS */;
UNLOCK TABLES;

--
-- Table structure for table `auth_permission`
--

DROP TABLE IF EXISTS `auth_permission`;
CREATE TABLE `auth_permission` (
  `id` int(11) NOT NULL auto_increment,
  `name` varchar(50) NOT NULL,
  `content_type_id` int(11) NOT NULL,
  `codename` varchar(100) NOT NULL,
  PRIMARY KEY  (`id`),
  UNIQUE KEY `content_type_id` (`content_type_id`,`codename`),
  KEY `auth_permission_content_type_id` (`content_type_id`)
) ENGINE=MyISAM AUTO_INCREMENT=52 DEFAULT CHARSET=utf8;

--
-- Dumping data for table `auth_permission`
--

LOCK TABLES `auth_permission` WRITE;
/*!40000 ALTER TABLE `auth_permission` DISABLE KEYS */;
INSERT INTO `auth_permission` VALUES (1,'Can add message',1,'add_message'),(2,'Can change message',1,'change_message'),(3,'Can delete message',1,'delete_message'),(4,'Can add group',2,'add_group'),(5,'Can change group',2,'change_group'),(6,'Can delete group',2,'delete_group'),(7,'Can add user',3,'add_user'),(8,'Can change user',3,'change_user'),(9,'Can delete user',3,'delete_user'),(10,'Can add permission',4,'add_permission'),(11,'Can change permission',4,'change_permission'),(12,'Can delete permission',4,'delete_permission'),(13,'Can add content type',5,'add_contenttype'),(14,'Can change content type',5,'change_contenttype'),(15,'Can delete content type',5,'delete_contenttype'),(16,'Can add session',6,'add_session'),(17,'Can change session',6,'change_session'),(18,'Can delete session',6,'delete_session'),(19,'Can add log entry',7,'add_logentry'),(20,'Can change log entry',7,'change_logentry'),(21,'Can delete log entry',7,'delete_logentry'),(22,'Can add Artikel',8,'add_artikel'),(23,'Can change Artikel',8,'change_artikel'),(24,'Can delete Artikel',8,'delete_artikel'),(25,'Can add Kategorie',9,'add_kategorie'),(26,'Can change Kategorie',9,'change_kategorie'),(27,'Can delete Kategorie',9,'delete_kategorie'),(28,'Can add Konfiguration',10,'add_konfiguration'),(29,'Can change Konfiguration',10,'change_konfiguration'),(30,'Can delete Konfiguration',10,'delete_konfiguration'),(31,'Can add Training',11,'add_training'),(32,'Can change Training',11,'change_training'),(33,'Can delete Training',11,'delete_training'),(34,'Can add Trainingsart',12,'add_trainingsart'),(35,'Can change Trainingsart',12,'change_trainingsart'),(36,'Can delete Trainingsart',12,'delete_trainingsart'),(37,'Can add Bild',14,'add_bild'),(38,'Can change Bild',14,'change_bild'),(39,'Can delete Bild',14,'delete_bild'),(40,'Can add Wochentag',13,'add_wochentag'),(41,'Can change Wochentag',13,'change_wochentag'),(42,'Can delete Wochentag',13,'delete_wochentag'),(43,'Can add Termin',15,'add_termin'),(44,'Can change Termin',15,'change_termin'),(45,'Can delete Termin',15,'delete_termin'),(46,'Can add Beitrag',16,'add_beitrag'),(47,'Can change Beitrag',16,'change_beitrag'),(48,'Can delete Beitrag',16,'delete_beitrag'),(49,'Can add site',17,'add_site'),(50,'Can change site',17,'change_site'),(51,'Can delete site',17,'delete_site');
/*!40000 ALTER TABLE `auth_permission` ENABLE KEYS */;
UNLOCK TABLES;

--
-- Table structure for table `auth_user`
--

DROP TABLE IF EXISTS `auth_user`;
CREATE TABLE `auth_user` (
  `id` int(11) NOT NULL auto_increment,
  `username` varchar(30) NOT NULL,
  `first_name` varchar(30) NOT NULL,
  `last_name` varchar(30) NOT NULL,
  `email` varchar(75) NOT NULL,
  `password` varchar(128) NOT NULL,
  `is_staff` tinyint(1) NOT NULL,
  `is_active` tinyint(1) NOT NULL,
  `is_superuser` tinyint(1) NOT NULL,
  `last_login` datetime NOT NULL,
  `date_joined` datetime NOT NULL,
  PRIMARY KEY  (`id`),
  UNIQUE KEY `username` (`username`)
) ENGINE=MyISAM AUTO_INCREMENT=2 DEFAULT CHARSET=utf8;

--
-- Dumping data for table `auth_user`
--

LOCK TABLES `auth_user` WRITE;
/*!40000 ALTER TABLE `auth_user` DISABLE KEYS */;
INSERT INTO `auth_user` VALUES (1,'marcus','Marcus','Titze','marcus.titze@gmail.com','sha1$ffaf5$1fb363c698e7a0c12947f0adee420aa082c8492d',1,1,1,'2007-12-13 23:03:15','2007-09-19 20:58:01');
/*!40000 ALTER TABLE `auth_user` ENABLE KEYS */;
UNLOCK TABLES;

--
-- Table structure for table `auth_user_groups`
--

DROP TABLE IF EXISTS `auth_user_groups`;
CREATE TABLE `auth_user_groups` (
  `id` int(11) NOT NULL auto_increment,
  `user_id` int(11) NOT NULL,
  `group_id` int(11) NOT NULL,
  PRIMARY KEY  (`id`),
  UNIQUE KEY `user_id` (`user_id`,`group_id`)
) ENGINE=MyISAM DEFAULT CHARSET=utf8;

--
-- Dumping data for table `auth_user_groups`
--

LOCK TABLES `auth_user_groups` WRITE;
/*!40000 ALTER TABLE `auth_user_groups` DISABLE KEYS */;
/*!40000 ALTER TABLE `auth_user_groups` ENABLE KEYS */;
UNLOCK TABLES;

--
-- Table structure for table `auth_user_user_permissions`
--

DROP TABLE IF EXISTS `auth_user_user_permissions`;
CREATE TABLE `auth_user_user_permissions` (
  `id` int(11) NOT NULL auto_increment,
  `user_id` int(11) NOT NULL,
  `permission_id` int(11) NOT NULL,
  PRIMARY KEY  (`id`),
  UNIQUE KEY `user_id` (`user_id`,`permission_id`)
) ENGINE=MyISAM DEFAULT CHARSET=utf8;

--
-- Dumping data for table `auth_user_user_permissions`
--

LOCK TABLES `auth_user_user_permissions` WRITE;
/*!40000 ALTER TABLE `auth_user_user_permissions` DISABLE KEYS */;
/*!40000 ALTER TABLE `auth_user_user_permissions` ENABLE KEYS */;
UNLOCK TABLES;

--
-- Table structure for table `django_admin_log`
--

DROP TABLE IF EXISTS `django_admin_log`;
CREATE TABLE `django_admin_log` (
  `id` int(11) NOT NULL auto_increment,
  `action_time` datetime NOT NULL,
  `user_id` int(11) NOT NULL,
  `content_type_id` int(11) default NULL,
  `object_id` longtext,
  `object_repr` varchar(200) NOT NULL,
  `action_flag` smallint(5) unsigned NOT NULL,
  `change_message` longtext NOT NULL,
  PRIMARY KEY  (`id`),
  KEY `django_admin_log_user_id` (`user_id`),
  KEY `django_admin_log_content_type_id` (`content_type_id`)
) ENGINE=MyISAM AUTO_INCREMENT=214 DEFAULT CHARSET=utf8;

--
-- Dumping data for table `django_admin_log`
--

LOCK TABLES `django_admin_log` WRITE;
/*!40000 ALTER TABLE `django_admin_log` DISABLE KEYS */;
INSERT INTO `django_admin_log` VALUES (1,'2007-09-19 21:41:18',1,8,'3','Tendo – Der Himmelsweg',2,'Kategorie, Öffentlich und Geändert am geändert.'),(2,'2007-09-19 21:41:40',1,8,'3','Tendo – Der Himmelsweg',2,'Kategorie, Öffentlich und Geändert am geändert.'),(3,'2007-09-20 17:42:29',1,11,'5','4 18:30:00 - 20:00:00',1,''),(4,'2007-09-20 17:45:52',1,11,'5','4 18:00:00 - 20:00:00',2,'Von, Öffentlich und Geändert am geändert.'),(5,'2007-09-20 17:46:35',1,11,'5','4 18:30:00 - 20:00:00',2,'Von, Öffentlich und Geändert am geändert.'),(6,'2007-09-20 17:46:54',1,11,'6','4 18:00:00 - 18:30:00',1,''),(7,'2007-09-20 20:06:41',1,8,'5','Anfahrt',1,''),(8,'2007-09-20 20:10:53',1,8,'5','Anfahrt',2,'Text, Öffentlich und Geändert am geändert.'),(9,'2007-09-20 20:13:25',1,8,'5','Anfahrt',2,'Text, Öffentlich und Geändert am geändert.'),(10,'2007-09-20 20:14:23',1,8,'5','Anfahrt',2,'Text, Öffentlich und Geändert am geändert.'),(11,'2007-09-20 20:18:32',1,8,'5','Anfahrt',2,'Text, Öffentlich und Geändert am geändert.'),(12,'2007-09-20 20:21:03',1,9,'8','Anfahrt',1,''),(13,'2007-09-20 20:25:55',1,8,'5','Anfahrt',2,'Kategorie, Öffentlich und Geändert am geändert.'),(14,'2007-09-20 20:38:46',1,9,'8','Anfahrt',2,'Öffentlich und Geändert am geändert.'),(15,'2007-09-20 20:47:27',1,9,'8','Anfahrt',2,'Öffentlich und Geändert am geändert.'),(16,'2007-09-20 20:51:05',1,9,'8','Anfahrt',2,'Öffentlich und Geändert am geändert.'),(17,'2007-09-20 21:03:52',1,9,'8','Anfahrt',2,'Öffentlich und Geändert am geändert.'),(18,'2007-09-20 21:15:37',1,9,'11','Gebühren',3,''),(19,'2007-09-25 18:14:53',1,3,'1','marcus',2,'Vorname, Nachname, Administrator, Aktiv und Hauptadmin. geändert.'),(20,'2007-09-25 18:17:43',1,11,'10','4 18:00:00 - 18:30:00',2,'Öffentlich und Geändert am geändert.'),(21,'2007-09-25 18:18:09',1,11,'10','4 18:00:00 - 18:30:00',2,'Öffentlich und Geändert am geändert.'),(22,'2007-09-25 18:23:26',1,10,'1','Aikido',2,'Kategorie für Trainingsplan, Öffentlich und Geändert am geändert.'),(23,'2007-09-25 18:23:45',1,10,'1','Training',2,'Kategorie für Trainingsplan, Öffentlich und Geändert am geändert.'),(24,'2007-09-25 18:24:41',1,8,'8','Test',1,''),(25,'2007-09-25 18:24:56',1,8,'8','Test',2,'Position im Menü, Öffentlich und Geändert am geändert.'),(26,'2007-09-25 22:47:46',1,14,'1','/home/marcus/seishinkan/htdocs/images/bilder/marcus_.png',1,''),(27,'2007-09-25 22:52:15',1,14,'1','marcus',2,'Titel, Öffentlich und Geändert am geändert.'),(28,'2007-09-25 23:04:15',1,14,'1','marcus',1,''),(29,'2007-09-25 23:07:12',1,14,'1','marcus',1,''),(30,'2007-09-25 23:07:34',1,8,'1','Tendoryu Aikido – Energie in Bewegung',2,'Text, Text, Text, Bild, Öffentlich und Geändert am geändert.'),(31,'2007-09-25 23:12:47',1,14,'1','marcus',2,'Ausrichtung (im Text), Öffentlich und Geändert am geändert.'),(32,'2007-09-25 23:17:21',1,14,'1','marcus',2,'Pfad, Öffentlich und Geändert am geändert.'),(33,'2007-09-25 23:18:21',1,14,'1','marcus',2,'Ausrichtung (im Text), Öffentlich und Geändert am geändert.'),(34,'2007-09-25 23:18:55',1,14,'1','marcus',2,'Ausrichtung (im Text), Öffentlich und Geändert am geändert.'),(35,'2007-09-25 23:23:47',1,14,'1','73',1,''),(36,'2007-09-25 23:24:50',1,8,'1','Tendoryu Aikido – Energie in Bewegung',2,'Text, Text, Text, Bild, Bild Ausrichtung, Öffentlich und Geändert am geändert.'),(37,'2007-09-25 23:25:30',1,8,'1','Tendoryu Aikido – Energie in Bewegung',2,'Bild Ausrichtung, Öffentlich und Geändert am geändert.'),(38,'2007-09-25 23:26:19',1,8,'1','Tendoryu Aikido – Energie in Bewegung',2,'Bild Ausrichtung, Öffentlich und Geändert am geändert.'),(39,'2007-09-25 23:33:49',1,8,'1','Tendoryu Aikido – Energie in Bewegung',2,'Bild Ausrichtung, Öffentlich und Geändert am geändert.'),(40,'2007-09-25 23:35:40',1,8,'1','Tendoryu Aikido – Energie in Bewegung',2,'Bild Ausrichtung, Öffentlich und Geändert am geändert.'),(41,'2007-09-25 23:38:50',1,8,'1','Tendoryu Aikido – Energie in Bewegung',2,'Text, Text, Text, Bild Ausrichtung, Öffentlich und Geändert am geändert.'),(42,'2007-09-25 23:39:45',1,14,'1','küche',1,''),(43,'2007-09-25 23:39:52',1,8,'1','Tendoryu Aikido – Energie in Bewegung',2,'Bild, Bild Ausrichtung, Öffentlich und Geändert am geändert.'),(44,'2007-09-25 23:44:21',1,14,'1','titel',1,''),(45,'2007-09-25 23:44:25',1,8,'1','Tendoryu Aikido – Energie in Bewegung',2,'Text, Text, Text, Bild, Öffentlich und Geändert am geändert.'),(46,'2007-09-25 23:45:14',1,14,'2','O Sensei',1,''),(47,'2007-09-25 23:45:19',1,8,'2','Aikido ist Harmonie',2,'Bild, Öffentlich und Geändert am geändert.'),(48,'2007-09-25 23:45:36',1,8,'2','Aikido ist Harmonie',2,'Bild Ausrichtung, Öffentlich und Geändert am geändert.'),(49,'2007-09-25 23:47:19',1,14,'3','Shimizu Sensei',1,''),(50,'2007-09-25 23:47:22',1,8,'3','Tendo – Der Himmelsweg',2,'Bild, Öffentlich und Geändert am geändert.'),(51,'2007-09-25 23:50:25',1,8,'3','Tendo – Der Himmelsweg',2,'Bild Ausrichtung, Öffentlich und Geändert am geändert.'),(52,'2007-09-25 23:50:33',1,8,'1','Tendoryu Aikido – Energie in Bewegung',2,'Bild Ausrichtung, Öffentlich und Geändert am geändert.'),(53,'2007-09-25 23:54:31',1,14,'1','Shimizu Sensei',1,''),(54,'2007-09-25 23:54:34',1,8,'3','Tendo – Der Himmelsweg',2,'Bild, Öffentlich und Geändert am geändert.'),(55,'2007-09-25 23:54:51',1,8,'3','Tendo – Der Himmelsweg',2,'Bild Ausrichtung, Öffentlich und Geändert am geändert.'),(56,'2007-09-25 23:55:21',1,14,'2','Tendo',1,''),(57,'2007-09-25 23:55:26',1,9,'3','Tendo',2,'Bild, Öffentlich und Geändert am geändert.'),(58,'2007-09-25 23:58:38',1,9,'3','Tendo',2,'Bild Ausrichtung, Öffentlich und Geändert am geändert.'),(59,'2007-09-26 00:25:47',1,14,'1','Tendo',1,''),(60,'2007-09-26 00:25:54',1,14,'1','Tendo',2,'Artikel, Öffentlich und Geändert am geändert.'),(61,'2007-09-26 10:19:54',1,14,'1','Title',1,''),(62,'2007-09-26 10:28:32',1,14,'2','Seishinkan',1,''),(63,'2007-09-26 10:31:50',1,14,'2','Seishinkan',3,''),(64,'2007-09-26 10:32:47',1,14,'3','O Sensei',1,''),(65,'2007-09-26 10:33:11',1,14,'3','O Sensei',2,'Bild Ausrichtung, Öffentlich und Geändert am geändert.'),(66,'2007-09-26 10:34:30',1,14,'4','Shimizu Sensei',1,''),(67,'2007-09-26 10:35:29',1,14,'5','Tendo',1,''),(68,'2007-09-26 10:35:45',1,14,'4','Shimizu Sensei',3,''),(69,'2007-09-26 10:35:59',1,14,'5','Tendo',2,'Bild Ausrichtung, Öffentlich und Geändert am geändert.'),(70,'2007-09-26 13:32:09',1,14,'6','Eckhardt',1,''),(71,'2007-09-26 13:32:29',1,14,'6','Eckhardt',2,'Bild Ausrichtung, Öffentlich und Geändert am geändert.'),(72,'2007-09-26 13:33:44',1,14,'7','Shimizu Sensei',1,''),(73,'2007-09-26 13:34:05',1,14,'5','Tendo',2,'Öffentlich und Geändert am geändert.'),(74,'2007-09-26 13:34:26',1,14,'5','Tendo',2,'Artikel, Öffentlich und Geändert am geändert.'),(75,'2007-09-26 17:30:40',1,14,'8','Logo',1,''),(76,'2007-09-26 17:36:21',1,14,'8','Logo',2,'Pfad, Öffentlich und Geändert am geändert.'),(77,'2007-09-26 17:37:47',1,14,'8','Logo',2,'Pfad, Öffentlich und Geändert am geändert.'),(78,'2007-09-26 18:52:53',1,14,'7','Shimizu Sensei',2,'Artikel, Öffentlich und Geändert am geändert.'),(79,'2007-09-26 18:53:02',1,14,'5','Tendo',2,'Artikel, Öffentlich und Geändert am geändert.'),(80,'2007-09-26 18:54:14',1,14,'9','Aikido',1,''),(81,'2007-09-26 18:54:35',1,14,'9','Aikido',2,'Bild Ausrichtung, Öffentlich und Geändert am geändert.'),(82,'2007-09-26 18:54:41',1,14,'3','O Sensei',2,'Artikel, Öffentlich und Geändert am geändert.'),(83,'2007-09-26 18:55:18',1,14,'10','Seishinkan',1,''),(84,'2007-09-26 18:55:23',1,14,'6','Eckhardt',2,'Artikel, Öffentlich und Geändert am geändert.'),(85,'2007-09-26 23:14:54',1,14,'9','Aikido',2,'Bild Ausrichtung, Artikel, Öffentlich und Geändert am geändert.'),(86,'2007-09-26 23:15:03',1,14,'5','Tendo',2,'Artikel, Öffentlich und Geändert am geändert.'),(87,'2007-09-26 23:15:18',1,14,'1','Title',2,'Artikel, Öffentlich und Geändert am geändert.'),(88,'2007-09-26 23:16:30',1,14,'9','Aikido',2,'Bild Ausrichtung, Artikel, Öffentlich und Geändert am geändert.'),(89,'2007-09-26 23:16:47',1,14,'5','Tendo',2,'Artikel, Öffentlich und Geändert am geändert.'),(90,'2007-09-26 23:16:56',1,14,'1','Title',2,'Artikel, Öffentlich und Geändert am geändert.'),(91,'2007-09-26 23:17:17',1,14,'1','Title',2,'Bild Ausrichtung, Öffentlich und Geändert am geändert.'),(92,'2007-09-26 23:17:44',1,14,'1','Title',2,'Bild Ausrichtung, Öffentlich und Geändert am geändert.'),(93,'2007-09-26 23:25:22',1,8,'1','Tendoryu Aikido – Energie in Bewegung',2,'Text, Text, Text, Öffentlich und Geändert am geändert.'),(94,'2007-09-26 23:26:11',1,8,'1','Tendoryu Aikido – Energie in Bewegung',2,'Text, Öffentlich und Geändert am geändert.'),(95,'2007-09-27 17:49:17',1,8,'5','Anfahrt',2,'Text, Öffentlich und Geändert am geändert.'),(96,'2007-09-27 17:52:51',1,9,'11','Video',1,''),(97,'2007-09-27 17:53:24',1,9,'11','Video',2,'Position im Menü, Öffentlich und Geändert am geändert.'),(98,'2007-09-27 17:53:31',1,9,'7','Kontakt',2,'Position im Menü, Öffentlich und Geändert am geändert.'),(99,'2007-09-27 18:05:53',1,8,'8','Shimizu Sensei Aikido Demonstration',1,''),(100,'2007-09-27 18:07:24',1,8,'8','Shimizu Sensei 2nd Aikido Friendship Demonstration, Tokyo 1986',2,'Überschrift, Öffentlich und Geändert am geändert.'),(101,'2007-09-27 18:08:13',1,8,'8','Shimizu Sensei Aikido Demonstration',2,'Überschrift, Text, Öffentlich und Geändert am geändert.'),(102,'2007-11-13 17:48:30',1,14,'1','Title',2,'Bild Ausrichtung, Öffentlich und Geändert am geändert.'),(103,'2007-11-13 17:48:41',1,14,'1','Title',2,'Bild Ausrichtung, Öffentlich und Geändert am geändert.'),(104,'2007-12-08 12:46:20',1,8,'3','Tendo – Der Himmelsweg',2,'Kategorie, Öffentlich und Geändert am geändert.'),(105,'2007-12-08 12:46:38',1,8,'3','Tendo – Der Himmelsweg',2,'Position auf der Seite, Öffentlich und Geändert am geändert.'),(106,'2007-12-08 12:47:05',1,8,'3','Tendo – Der Himmelsweg',2,'Position auf der Seite, Öffentlich und Geändert am geändert.'),(107,'2007-12-08 12:47:28',1,8,'3','Tendo – Der Himmelsweg',2,'Position auf der Seite, Öffentlich und Geändert am geändert.'),(108,'2007-12-08 13:02:07',1,8,'3','Tendo – Der Himmelsweg',2,'Kategorie, Öffentlich und Geändert am geändert.'),(109,'2007-12-08 13:02:24',1,8,'3','Tendo – Der Himmelsweg',2,'Kategorie, Öffentlich und Geändert am geändert.'),(110,'2007-12-08 13:17:00',1,8,'3','Tendo – Der Himmelsweg',2,'Kategorie, Öffentlich und Geändert am geändert.'),(111,'2007-12-08 13:44:50',1,14,'1','/home/marcus/public_html/seishinkan/htdocs/images/bilder/titel.jpg',1,''),(112,'2007-12-08 13:47:29',1,8,'1','Tendoryu Aikido – Energie in Bewegung',2,'Text, Text, Text, Bild, Öffentlich und Geändert am geändert.'),(113,'2007-12-08 13:50:09',1,14,'2','/home/marcus/public_html/seishinkan/htdocs/images/bilder/titel_.jpg',1,''),(114,'2007-12-08 13:50:13',1,8,'1','Tendoryu Aikido – Energie in Bewegung',2,'Bild, Öffentlich und Geändert am geändert.'),(115,'2007-12-08 13:52:20',1,14,'1','/home/marcus/public_html/seishinkan/htdocs/images/bilder/titel.jpg',3,''),(116,'2007-12-08 13:53:19',1,14,'2','Koshi Nage',2,'Titel, Öffentlich und Geändert am geändert.'),(117,'2007-12-08 14:31:06',1,14,'1','Koshi Nage',1,''),(118,'2007-12-08 14:31:09',1,8,'1','Tendoryu Aikido – Energie in Bewegung',2,'Text, Text, Text, Bild, Öffentlich und Geändert am geändert.'),(119,'2007-12-08 14:34:34',1,14,'1','Koshi Nage',1,''),(120,'2007-12-08 14:34:37',1,8,'1','Tendoryu Aikido – Energie in Bewegung',2,'Text, Text, Text, Bild, Öffentlich und Geändert am geändert.'),(121,'2007-12-08 14:37:53',1,14,'1','Koshi Nage',1,''),(122,'2007-12-08 14:37:56',1,8,'1','Tendoryu Aikido – Energie in Bewegung',2,'Text, Text, Text, Bild, Öffentlich und Geändert am geändert.'),(123,'2007-12-08 14:41:17',1,14,'2','Aikido',1,''),(124,'2007-12-08 14:41:23',1,8,'2','Aikido ist Harmonie',2,'Bild, Öffentlich und Geändert am geändert.'),(125,'2007-12-08 14:41:59',1,8,'2','Aikido ist Harmonie',2,'Bild, Öffentlich und Geändert am geändert.'),(126,'2007-12-08 14:42:12',1,14,'2','Aikido',3,''),(127,'2007-12-08 14:42:35',1,14,'3','Aikido Kalligrafie',1,''),(128,'2007-12-08 14:42:39',1,8,'2','Aikido ist Harmonie',2,'Bild, Öffentlich und Geändert am geändert.'),(129,'2007-12-08 14:44:22',1,14,'3','Aikido Kalligrafie',2,'Bild Ausrichtung, Öffentlich und Geändert am geändert.'),(130,'2007-12-08 14:59:57',1,14,'4','Tendo Kalligrafie',1,''),(131,'2007-12-08 15:00:03',1,8,'3','Tendo – Der Himmelsweg',2,'Bild, Öffentlich und Geändert am geändert.'),(132,'2007-12-08 15:09:58',1,14,'1','Koshi Nage',1,''),(133,'2007-12-08 15:10:03',1,8,'1','Tendoryu Aikido – Energie in Bewegung',2,'Text, Text, Text, Bild, Öffentlich und Geändert am geändert.'),(134,'2007-12-08 15:10:24',1,14,'2','Aikido Kalligrafie',1,''),(135,'2007-12-08 15:10:29',1,8,'2','Aikido ist Harmonie',2,'Bild, Öffentlich und Geändert am geändert.'),(136,'2007-12-08 15:11:37',1,8,'2','Aikido ist Harmonie',2,'Bild Ausrichtung, Öffentlich und Geändert am geändert.'),(137,'2007-12-08 15:12:23',1,14,'3','Tendo Kalligrafie',1,''),(138,'2007-12-08 15:12:27',1,8,'3','Tendo – Der Himmelsweg',2,'Bild, Bild Ausrichtung, Öffentlich und Geändert am geändert.'),(139,'2007-12-08 15:13:12',1,14,'4','Seishinkan Kalligrafie',1,''),(140,'2007-12-08 15:13:20',1,8,'4','Das Aikido Dojo Seishinkan',2,'Bild, Öffentlich und Geändert am geändert.'),(141,'2007-12-08 15:14:02',1,8,'4','Das Aikido Dojo Seishinkan',2,'Bild, Öffentlich und Geändert am geändert.'),(142,'2007-12-08 15:14:16',1,14,'4','Seishinkan Kalligrafie',3,''),(143,'2007-12-08 15:19:15',1,14,'5','Seishinkan Kalligrafie',1,''),(144,'2007-12-08 15:19:21',1,8,'4','Das Aikido Dojo Seishinkan',2,'Bild, Öffentlich und Geändert am geändert.'),(145,'2007-12-08 15:19:30',1,8,'4','Das Aikido Dojo Seishinkan',2,'Bild Ausrichtung, Öffentlich und Geändert am geändert.'),(146,'2007-12-08 15:19:52',1,8,'2','Aikido ist Harmonie',2,'Bild, Öffentlich und Geändert am geändert.'),(147,'2007-12-08 15:20:06',1,14,'2','Aikido Kalligrafie',3,''),(148,'2007-12-08 15:24:03',1,14,'6','Aikido Kalligrafie',1,''),(149,'2007-12-08 15:24:18',1,14,'6','Aikido Kalligrafie',3,''),(150,'2007-12-08 15:25:34',1,14,'7','Aikido Kalligrafie',1,''),(151,'2007-12-08 15:25:38',1,8,'2','Aikido ist Harmonie',2,'Bild, Öffentlich und Geändert am geändert.'),(152,'2007-12-08 15:29:08',1,8,'3','Tendo – Der Himmelsweg',2,'Bild, Öffentlich und Geändert am geändert.'),(153,'2007-12-08 15:29:21',1,14,'3','Tendo Kalligrafie',3,''),(154,'2007-12-08 15:29:42',1,14,'8','Tendo Kalligrafie',1,''),(155,'2007-12-08 15:29:46',1,8,'3','Tendo – Der Himmelsweg',2,'Bild, Öffentlich und Geändert am geändert.'),(156,'2007-12-10 10:20:51',1,11,'12','Sonntag 10:00:00 - 12:00:00',1,''),(157,'2007-12-10 10:21:15',1,11,'12','Sonntag 10:00:00 - 12:00:00',3,''),(158,'2007-12-11 20:51:49',1,15,'1','Test',1,''),(159,'2007-12-11 20:54:08',1,15,'1','Test',2,'Bild, Öffentlich und Geändert am geändert.'),(160,'2007-12-11 20:55:12',1,15,'1','Test',2,'Ende, Öffentlich und Geändert am geändert.'),(161,'2007-12-11 21:32:20',1,15,'1','Test mit einem längeren Namen ',2,'Überschrift, Öffentlich und Geändert am geändert.'),(162,'2007-12-11 21:32:53',1,15,'1','Termin mit einem längeren Namen ',2,'Überschrift, Öffentlich und Geändert am geändert.'),(163,'2007-12-11 21:37:43',1,15,'1','Termin mit einem längeren Namen ',1,''),(164,'2007-12-11 21:45:29',1,15,'1','Termin mit einem längeren Namen ',2,'Ende, Öffentlich und Geändert am geändert.'),(165,'2007-12-11 21:46:17',1,15,'2','kurzer Termin',1,''),(166,'2007-12-11 21:46:40',1,15,'2','kurzer Termin',2,'Beginn, Öffentlich und Geändert am geändert.'),(167,'2007-12-11 21:50:52',1,15,'3','alter Termin',1,''),(168,'2007-12-11 22:07:21',1,15,'3','alter Termin',2,'Ende, Öffentlich und Geändert am geändert.'),(169,'2007-12-11 22:07:30',1,15,'2','kurzer Termin',2,'Ende, Öffentlich und Geändert am geändert.'),(170,'2007-12-11 22:08:43',1,15,'2','kurzer Termin',2,'Beginn, Öffentlich und Geändert am geändert.'),(171,'2007-12-11 22:13:41',1,15,'2','kurzer Termin',2,'Ende, Öffentlich und Geändert am geändert.'),(172,'2007-12-11 22:14:03',1,15,'2','kurzer Termin',2,'Ende, Öffentlich und Geändert am geändert.'),(173,'2007-12-11 22:14:21',1,15,'2','kurzer Termin',2,'Ende, Öffentlich und Geändert am geändert.'),(174,'2007-12-11 22:14:44',1,15,'2','kurzer Termin',2,'Öffentlich und Geändert am geändert.'),(175,'2007-12-11 22:15:00',1,15,'2','kurzer Termin',2,'Öffentlich und Geändert am geändert.'),(176,'2007-12-11 23:07:16',1,14,'1','/home/marcus/public_html/seishinkan/htdocs/images/bilder/colosseo.jpg',1,''),(177,'2007-12-11 23:08:48',1,14,'1','/home/marcus/public_html/seishinkan/htdocs/images/bilder/colosseo.jpg',3,''),(178,'2007-12-11 23:14:13',1,8,'1','Tendoryu Aikido – Energie in Bewegung',2,'Text, Text, Text, Bild, Öffentlich und Geändert am geändert.'),(179,'2007-12-11 23:16:26',1,8,'1','Tendoryu Aikido – Energie in Bewegung',2,'Text, Text, Text, Bild, Öffentlich und Geändert am geändert.'),(180,'2007-12-11 23:16:48',1,8,'2','Aikido ist Harmonie',2,'Bild, Bild Ausrichtung, Öffentlich und Geändert am geändert.'),(181,'2007-12-11 23:42:25',1,16,'1','Tendoryu-Aikido im Umbruch',2,'Einleitung, Text, Veröffentlichung Beginn, Öffentlich und Geändert am geändert.'),(182,'2007-12-11 23:46:15',1,16,'1','Tendoryu-Aikido im Umbruch',2,'Veröffentlichung Beginn, Öffentlich und Geändert am geändert.'),(183,'2007-12-11 23:51:52',1,16,'1','Tendoryu-Aikido im Umbruch',2,'Einleitung, Text, Veröffentlichung Beginn, Öffentlich und Geändert am geändert.'),(184,'2007-12-11 23:52:04',1,16,'1','Tendoryu-Aikido im Umbruch',2,'Veröffentlichung Beginn, Öffentlich und Geändert am geändert.'),(185,'2007-12-11 23:52:24',1,16,'1','Tendoryu-Aikido im Umbruch',2,'Veröffentlichung Beginn, Öffentlich und Geändert am geändert.'),(186,'2007-12-11 23:52:37',1,16,'1','Tendoryu-Aikido im Umbruch',2,'Veröffentlichung Ende, Öffentlich und Geändert am geändert.'),(187,'2007-12-11 23:52:54',1,16,'1','Tendoryu-Aikido im Umbruch',2,'Veröffentlichung Ende, Öffentlich und Geändert am geändert.'),(188,'2007-12-11 23:53:08',1,16,'1','Tendoryu-Aikido im Umbruch',2,'Veröffentlichung Ende, Öffentlich und Geändert am geändert.'),(189,'2007-12-11 23:53:24',1,16,'1','Tendoryu-Aikido im Umbruch',2,'Veröffentlichung Beginn, Öffentlich und Geändert am geändert.'),(190,'2007-12-11 23:53:36',1,16,'1','Tendoryu-Aikido im Umbruch',2,'Veröffentlichung Beginn, Öffentlich und Geändert am geändert.'),(191,'2007-12-11 23:54:44',1,16,'1','Tendoryu-Aikido im Umbruch',2,'Veröffentlichung Beginn, Veröffentlichung Ende, Öffentlich und Geändert am geändert.'),(192,'2007-12-11 23:57:20',1,16,'1','Tendoryu-Aikido im Umbruch',2,'Autor, Öffentlich und Geändert am geändert.'),(193,'2007-12-12 00:11:56',1,8,'2','Aikido ist Harmonie',2,'Öffentlich und Geändert am geändert.'),(194,'2007-12-12 00:12:33',1,8,'1','Tendoryu Aikido – Energie in Bewegung',2,'Text, Text, Text, Bild, Öffentlich und Geändert am geändert.'),(195,'2007-12-12 00:22:41',1,8,'1','Tendoryu Aikido – Energie in Bewegung',2,'Text, Text, Text, Bild, Öffentlich und Geändert am geändert.'),(196,'2007-12-12 00:22:54',1,8,'1','Tendoryu Aikido – Energie in Bewegung',2,'Bild, Öffentlich und Geändert am geändert.'),(197,'2007-12-12 00:57:33',1,16,'1','Tendoryu-Aikido im Umbruch',2,'Einleitung, Text, Öffentlich und Geändert am geändert.'),(198,'2007-12-12 01:03:50',1,16,'1','Tendoryu-Aikido im Umbruch',2,'Öffentlich und Geändert am geändert.'),(199,'2007-12-12 01:04:32',1,16,'3','Das Dojo – Ort der zeitlosen Begegnung',1,''),(200,'2007-12-12 01:05:05',1,16,'3','Das Dojo – Ort der zeitlosen Begegnung',2,'Veröffentlichung Beginn, Öffentlich und Geändert am geändert.'),(201,'2007-12-12 01:08:05',1,16,'3','Das Dojo – Ort der zeitlosen Begegnung',2,'Einleitung, Öffentlich und Geändert am geändert.'),(202,'2007-12-12 01:27:10',1,8,'1','Tendoryu Aikido – Energie in Bewegung',2,'Text, Text, Text, Bild, Öffentlich und Geändert am geändert.'),(203,'2007-12-12 01:36:38',1,8,'1','Tendoryu Aikido – Energie in Bewegung',2,'Bild, Öffentlich und Geändert am geändert.'),(204,'2007-12-12 01:36:59',1,8,'1','Tendoryu Aikido – Energie in Bewegung',2,'Bild, Öffentlich und Geändert am geändert.'),(205,'2007-12-12 01:39:55',1,8,'5','Anfahrt',2,'Text, Öffentlich und Geändert am geändert.'),(206,'2007-12-12 01:40:48',1,8,'5','Anfahrt',2,'Öffentlich und Geändert am geändert.'),(207,'2007-12-12 01:42:22',1,8,'5','Anfahrt',2,'Text, Öffentlich und Geändert am geändert.'),(208,'2007-12-12 02:14:14',1,8,'1','Tendoryu Aikido – Energie in Bewegung',2,'Text, Text, Text, Bild, Öffentlich und Geändert am geändert.'),(209,'2007-12-13 23:49:17',1,17,'1','seishinkan.marcusti.dyndns.org',2,'Domainname und Anzeigename geändert.'),(210,'2007-12-13 23:50:04',1,9,'4','Seishinkan',2,'Öffentlich und Geändert am geändert.'),(211,'2007-12-13 23:58:54',1,9,'4','Seishinkan',2,'Öffentlich und Geändert am geändert.'),(212,'2007-12-14 00:03:03',1,9,'4','Seishinkan',2,'Öffentlich und Geändert am geändert.'),(213,'2007-12-14 00:03:18',1,9,'4','Seishinkan',2,'Öffentlich und Geändert am geändert.');
/*!40000 ALTER TABLE `django_admin_log` ENABLE KEYS */;
UNLOCK TABLES;

--
-- Table structure for table `django_content_type`
--

DROP TABLE IF EXISTS `django_content_type`;
CREATE TABLE `django_content_type` (
  `id` int(11) NOT NULL auto_increment,
  `name` varchar(100) NOT NULL,
  `app_label` varchar(100) NOT NULL,
  `model` varchar(100) NOT NULL,
  PRIMARY KEY  (`id`),
  UNIQUE KEY `app_label` (`app_label`,`model`)
) ENGINE=MyISAM AUTO_INCREMENT=18 DEFAULT CHARSET=utf8;

--
-- Dumping data for table `django_content_type`
--

LOCK TABLES `django_content_type` WRITE;
/*!40000 ALTER TABLE `django_content_type` DISABLE KEYS */;
INSERT INTO `django_content_type` VALUES (1,'message','auth','message'),(2,'group','auth','group'),(3,'user','auth','user'),(4,'permission','auth','permission'),(5,'content type','contenttypes','contenttype'),(6,'session','sessions','session'),(7,'log entry','admin','logentry'),(8,'Artikel','website','artikel'),(9,'Kategorie','website','kategorie'),(10,'Konfiguration','website','konfiguration'),(11,'Training','website','training'),(12,'Trainingsart','website','trainingsart'),(13,'Wochentag','website','wochentag'),(14,'Bild','website','bild'),(15,'Termin','website','termin'),(16,'Beitrag','website','beitrag'),(17,'site','sites','site');
/*!40000 ALTER TABLE `django_content_type` ENABLE KEYS */;
UNLOCK TABLES;

--
-- Table structure for table `django_session`
--

DROP TABLE IF EXISTS `django_session`;
CREATE TABLE `django_session` (
  `session_key` varchar(40) NOT NULL,
  `session_data` longtext NOT NULL,
  `expire_date` datetime NOT NULL,
  PRIMARY KEY  (`session_key`)
) ENGINE=MyISAM DEFAULT CHARSET=utf8;

--
-- Dumping data for table `django_session`
--

LOCK TABLES `django_session` WRITE;
/*!40000 ALTER TABLE `django_session` DISABLE KEYS */;
INSERT INTO `django_session` VALUES ('8eb4695730f4b7eb9884d3908d2c0a3d','gAJ9cQEuYzk0ZGFlNDM2MjE4ZjY4YTUyZTVmNmY5YTZhNWIyM2I=\n','2007-10-03 20:58:38'),('26f61defef07113d51c92ae3aa147576','gAJ9cQFVD2RqYW5nb19sYW5ndWFnZXECWAIAAABkZXEDcy4zMzMyYTNlMjc2NzYzYjA1MDM0YjVm\nZDBkYzY3Y2UzMw==\n','2007-10-03 21:46:51'),('410762ad5bc0739b05b347ac7630f533','gAJ9cQEuYzk0ZGFlNDM2MjE4ZjY4YTUyZTVmNmY5YTZhNWIyM2I=\n','2007-10-04 03:02:13'),('0ab0b6a5b153ad3ab18573658a025bf9','gAJ9cQEuYzk0ZGFlNDM2MjE4ZjY4YTUyZTVmNmY5YTZhNWIyM2I=\n','2007-10-04 03:02:19'),('1714464a4892ac13bc905a4e4aebb088','gAJ9cQEuYzk0ZGFlNDM2MjE4ZjY4YTUyZTVmNmY5YTZhNWIyM2I=\n','2007-10-04 03:02:20'),('4f39d88bfe2749557d56662372c9672b','gAJ9cQFVD2RqYW5nb19sYW5ndWFnZXECWAIAAABkZXEDcy4zMzMyYTNlMjc2NzYzYjA1MDM0YjVm\nZDBkYzY3Y2UzMw==\n','2007-10-04 03:02:31'),('bdd72a8dbb8f5059a53fb17288ecfd5d','gAJ9cQEuYzk0ZGFlNDM2MjE4ZjY4YTUyZTVmNmY5YTZhNWIyM2I=\n','2007-10-04 09:57:34'),('62487d6990b4c4038427f5e07d9e7f49','gAJ9cQEoVQ1fYXV0aF91c2VyX2lkcQKKAQFVD2RqYW5nb19sYW5ndWFnZXEDWAIAAABkZXEEVRJf\nYXV0aF91c2VyX2JhY2tlbmRxBVUpZGphbmdvLmNvbnRyaWIuYXV0aC5iYWNrZW5kcy5Nb2RlbEJh\nY2tlbmRxBnUuZjUzZDZjNzE3MzE2YTYzM2Y5OGQ5NTM3NzRmMmUzODI=\n','2007-10-04 21:25:34'),('625e9aa8efe7b53d3c6318ca731d6e5a','gAJ9cQEuYzk0ZGFlNDM2MjE4ZjY4YTUyZTVmNmY5YTZhNWIyM2I=\n','2007-10-05 11:51:34'),('f951a1eea91d22c9da2c98c1c9780a07','gAJ9cQEuYzk0ZGFlNDM2MjE4ZjY4YTUyZTVmNmY5YTZhNWIyM2I=\n','2007-10-05 11:51:39'),('fae6e650d4fec8a25ae6fbb4673f2f91','gAJ9cQEuYzk0ZGFlNDM2MjE4ZjY4YTUyZTVmNmY5YTZhNWIyM2I=\n','2007-10-05 11:51:41'),('71c8363429820b449fd37347e5186faf','gAJ9cQFVD2RqYW5nb19sYW5ndWFnZXECWAIAAABkZXEDcy4zMzMyYTNlMjc2NzYzYjA1MDM0YjVm\nZDBkYzY3Y2UzMw==\n','2007-10-05 11:51:47'),('09f90dc19423b646ec34ae53bb1de99a','gAJ9cQEuYzk0ZGFlNDM2MjE4ZjY4YTUyZTVmNmY5YTZhNWIyM2I=\n','2007-10-08 13:29:43'),('3f80680113342222c7e6620669728135','gAJ9cQEuYzk0ZGFlNDM2MjE4ZjY4YTUyZTVmNmY5YTZhNWIyM2I=\n','2007-10-08 13:29:43'),('eec0c8ab401ef6a2cb5ff84301d55eb0','gAJ9cQFVD2RqYW5nb19sYW5ndWFnZXECWAIAAABkZXEDcy4zMzMyYTNlMjc2NzYzYjA1MDM0YjVm\nZDBkYzY3Y2UzMw==\n','2007-10-08 13:29:57'),('36e8a7a8251b9ddd15d2332b409419a0','gAJ9cQEuYzk0ZGFlNDM2MjE4ZjY4YTUyZTVmNmY5YTZhNWIyM2I=\n','2007-10-09 11:16:28'),('12292449d1d581e02ee564b319ffb294','gAJ9cQEuYzk0ZGFlNDM2MjE4ZjY4YTUyZTVmNmY5YTZhNWIyM2I=\n','2007-10-09 11:16:33'),('63d33820f071b4edef095b8de3d8b62c','gAJ9cQEuYzk0ZGFlNDM2MjE4ZjY4YTUyZTVmNmY5YTZhNWIyM2I=\n','2007-10-09 11:17:52'),('2d98c1494fa2bb13b7edc3db78067052','gAJ9cQEuYzk0ZGFlNDM2MjE4ZjY4YTUyZTVmNmY5YTZhNWIyM2I=\n','2007-10-09 11:18:29'),('a915580bc321b6d53c2de7f5f65d248a','gAJ9cQEuYzk0ZGFlNDM2MjE4ZjY4YTUyZTVmNmY5YTZhNWIyM2I=\n','2007-10-09 11:19:04'),('7f485cb689a25ae5d0aa178a2a0ece2b','gAJ9cQEuYzk0ZGFlNDM2MjE4ZjY4YTUyZTVmNmY5YTZhNWIyM2I=\n','2007-10-09 11:19:48'),('455e8ad7d3b6487928d4306d584551f6','gAJ9cQEuYzk0ZGFlNDM2MjE4ZjY4YTUyZTVmNmY5YTZhNWIyM2I=\n','2007-10-09 11:20:35'),('22afa3ae4cfdfb050ac5b53605ea67df','gAJ9cQEuYzk0ZGFlNDM2MjE4ZjY4YTUyZTVmNmY5YTZhNWIyM2I=\n','2007-10-09 11:21:32'),('a121f3c75357a06143ed445db6f79533','gAJ9cQEuYzk0ZGFlNDM2MjE4ZjY4YTUyZTVmNmY5YTZhNWIyM2I=\n','2007-10-09 11:21:58'),('20f0c15b2ae7962440b769c107caa8e9','gAJ9cQEuYzk0ZGFlNDM2MjE4ZjY4YTUyZTVmNmY5YTZhNWIyM2I=\n','2007-10-09 11:22:14'),('aba9ff667bb710ab263578e371236a40','gAJ9cQEuYzk0ZGFlNDM2MjE4ZjY4YTUyZTVmNmY5YTZhNWIyM2I=\n','2007-10-09 11:22:17'),('dd9b584a2d2d0174793618791f44fca1','gAJ9cQEuYzk0ZGFlNDM2MjE4ZjY4YTUyZTVmNmY5YTZhNWIyM2I=\n','2007-10-09 11:23:05'),('2edc3ce90585234a06fdc2d979cc760f','gAJ9cQEuYzk0ZGFlNDM2MjE4ZjY4YTUyZTVmNmY5YTZhNWIyM2I=\n','2007-10-09 11:23:09'),('6f0e888bb64ae07573490e55665ae1e1','gAJ9cQEuYzk0ZGFlNDM2MjE4ZjY4YTUyZTVmNmY5YTZhNWIyM2I=\n','2007-10-09 11:23:33'),('d3d15de6133d09ded654ff196ad323d0','gAJ9cQEuYzk0ZGFlNDM2MjE4ZjY4YTUyZTVmNmY5YTZhNWIyM2I=\n','2007-10-09 11:25:40'),('b6d0034d7a81ba4862f116afdd3fb4d0','gAJ9cQEuYzk0ZGFlNDM2MjE4ZjY4YTUyZTVmNmY5YTZhNWIyM2I=\n','2007-10-09 11:27:00'),('ff7b42061c6f694c1d35d5f753cdcff4','gAJ9cQEuYzk0ZGFlNDM2MjE4ZjY4YTUyZTVmNmY5YTZhNWIyM2I=\n','2007-10-09 11:27:25'),('9dc22fd8d07220fdf62cce60db8c8d75','gAJ9cQEuYzk0ZGFlNDM2MjE4ZjY4YTUyZTVmNmY5YTZhNWIyM2I=\n','2007-10-09 11:27:35'),('2a594677e69b9db898673c7b139f88b9','gAJ9cQEuYzk0ZGFlNDM2MjE4ZjY4YTUyZTVmNmY5YTZhNWIyM2I=\n','2007-10-09 11:27:38'),('1ec7f0104ad1ff68eb6e891341534d35','gAJ9cQEuYzk0ZGFlNDM2MjE4ZjY4YTUyZTVmNmY5YTZhNWIyM2I=\n','2007-10-09 11:28:08'),('6682a85e37e93ebb6a179bbda1288943','gAJ9cQEuYzk0ZGFlNDM2MjE4ZjY4YTUyZTVmNmY5YTZhNWIyM2I=\n','2007-10-09 11:28:14'),('1997ec0ad9ea05cfa66bf826d1316bc3','gAJ9cQEuYzk0ZGFlNDM2MjE4ZjY4YTUyZTVmNmY5YTZhNWIyM2I=\n','2007-10-09 11:28:21'),('83386ec12ed7529efa0e2329d079bc06','gAJ9cQEuYzk0ZGFlNDM2MjE4ZjY4YTUyZTVmNmY5YTZhNWIyM2I=\n','2007-10-09 11:28:27'),('c272ecb12e69a67a6d3f835748dda7a0','gAJ9cQEuYzk0ZGFlNDM2MjE4ZjY4YTUyZTVmNmY5YTZhNWIyM2I=\n','2007-10-09 11:28:29'),('f1ab361bbad479b090b4b58ce45dbd52','gAJ9cQEuYzk0ZGFlNDM2MjE4ZjY4YTUyZTVmNmY5YTZhNWIyM2I=\n','2007-10-09 11:29:20'),('9ffba1d9142704bea35402846fe05192','gAJ9cQEuYzk0ZGFlNDM2MjE4ZjY4YTUyZTVmNmY5YTZhNWIyM2I=\n','2007-10-09 11:29:35'),('934ad1e5248ae9ab3eb62b56b8eee1c7','gAJ9cQEuYzk0ZGFlNDM2MjE4ZjY4YTUyZTVmNmY5YTZhNWIyM2I=\n','2007-10-09 11:29:49'),('dc36d56eebe3e22098e6c98c36ccf3ed','gAJ9cQEuYzk0ZGFlNDM2MjE4ZjY4YTUyZTVmNmY5YTZhNWIyM2I=\n','2007-10-09 11:30:55'),('5536c8a2580e7a729fc543de749599ee','gAJ9cQEuYzk0ZGFlNDM2MjE4ZjY4YTUyZTVmNmY5YTZhNWIyM2I=\n','2007-10-09 11:31:38'),('a9c5dfca1a9288ffb35f28a8ab002a93','gAJ9cQEuYzk0ZGFlNDM2MjE4ZjY4YTUyZTVmNmY5YTZhNWIyM2I=\n','2007-10-09 11:31:40'),('fe2c83c8668032071779e012da22fca5','gAJ9cQEuYzk0ZGFlNDM2MjE4ZjY4YTUyZTVmNmY5YTZhNWIyM2I=\n','2007-10-09 11:34:41'),('e143de8185c0a903fa590a67b93328be','gAJ9cQEuYzk0ZGFlNDM2MjE4ZjY4YTUyZTVmNmY5YTZhNWIyM2I=\n','2007-10-09 11:36:19'),('e4a93bb414ca6368713f62bc54584951','gAJ9cQEuYzk0ZGFlNDM2MjE4ZjY4YTUyZTVmNmY5YTZhNWIyM2I=\n','2007-10-09 11:37:32'),('cd48b0f33a1a4e6c5eb4633897be2939','gAJ9cQEuYzk0ZGFlNDM2MjE4ZjY4YTUyZTVmNmY5YTZhNWIyM2I=\n','2007-10-09 11:37:35'),('10f885f4cd6979d18d0dd05fe1d3fb27','gAJ9cQEuYzk0ZGFlNDM2MjE4ZjY4YTUyZTVmNmY5YTZhNWIyM2I=\n','2007-10-09 11:37:41'),('2dc4355a219cc06c22d5f24fd69d69a8','gAJ9cQEuYzk0ZGFlNDM2MjE4ZjY4YTUyZTVmNmY5YTZhNWIyM2I=\n','2007-10-09 18:06:13'),('a721376e5c7e0cd9e38dc84ac334dcef','gAJ9cQEuYzk0ZGFlNDM2MjE4ZjY4YTUyZTVmNmY5YTZhNWIyM2I=\n','2007-10-09 18:06:24'),('a7a39abc6cddefd64acf742f5d180bfe','gAJ9cQEuYzk0ZGFlNDM2MjE4ZjY4YTUyZTVmNmY5YTZhNWIyM2I=\n','2007-10-09 18:07:26'),('0057ab7716106db17ded2717ef227343','gAJ9cQEuYzk0ZGFlNDM2MjE4ZjY4YTUyZTVmNmY5YTZhNWIyM2I=\n','2007-10-09 18:07:37'),('4978e4daf48fe317aa175a5645f8794d','gAJ9cQFVD2RqYW5nb19sYW5ndWFnZXECWAIAAABkZXEDcy4zMzMyYTNlMjc2NzYzYjA1MDM0YjVm\nZDBkYzY3Y2UzMw==\n','2007-10-09 18:25:12'),('260166efa8f9b8fb18ebbed974c42357','gAJ9cQEuYzk0ZGFlNDM2MjE4ZjY4YTUyZTVmNmY5YTZhNWIyM2I=\n','2007-10-09 19:35:53'),('01c7c96a5167d59e604355365613ed68','gAJ9cQEuYzk0ZGFlNDM2MjE4ZjY4YTUyZTVmNmY5YTZhNWIyM2I=\n','2007-10-09 19:35:58'),('5770916a65d79175e3d794d323eb6c34','gAJ9cQEuYzk0ZGFlNDM2MjE4ZjY4YTUyZTVmNmY5YTZhNWIyM2I=\n','2007-10-09 19:53:44'),('b9e73707ed52c8f45084799f86917a5c','gAJ9cQEuYzk0ZGFlNDM2MjE4ZjY4YTUyZTVmNmY5YTZhNWIyM2I=\n','2007-10-09 19:53:44'),('2951d086ad1e793aabfbead85e3e845d','gAJ9cQEuYzk0ZGFlNDM2MjE4ZjY4YTUyZTVmNmY5YTZhNWIyM2I=\n','2007-10-09 19:53:52'),('f5d44e942c8d0c93e2c053bd95b83cae','gAJ9cQEuYzk0ZGFlNDM2MjE4ZjY4YTUyZTVmNmY5YTZhNWIyM2I=\n','2007-10-09 19:54:04'),('6d527e0ddcf3cbbd2d9cfa616b349fde','gAJ9cQEuYzk0ZGFlNDM2MjE4ZjY4YTUyZTVmNmY5YTZhNWIyM2I=\n','2007-10-09 19:54:05'),('99efea6454f463246679073233ea24ac','gAJ9cQEuYzk0ZGFlNDM2MjE4ZjY4YTUyZTVmNmY5YTZhNWIyM2I=\n','2007-10-09 19:54:07'),('c54626162d3b77d3e4c8646af6b12688','gAJ9cQEuYzk0ZGFlNDM2MjE4ZjY4YTUyZTVmNmY5YTZhNWIyM2I=\n','2007-10-09 19:54:09'),('865c000ec4f0328fcb4a5cba4d7da9ed','gAJ9cQEuYzk0ZGFlNDM2MjE4ZjY4YTUyZTVmNmY5YTZhNWIyM2I=\n','2007-10-09 19:54:11'),('cffee3a6e1d8ac830fd2ccce411d7358','gAJ9cQEuYzk0ZGFlNDM2MjE4ZjY4YTUyZTVmNmY5YTZhNWIyM2I=\n','2007-10-09 19:54:40'),('788d4dad1fdb93e1036353da936a7fe3','gAJ9cQEuYzk0ZGFlNDM2MjE4ZjY4YTUyZTVmNmY5YTZhNWIyM2I=\n','2007-10-09 19:54:47'),('6d048f3b0c345130ffd3ca040bcc205f','gAJ9cQEuYzk0ZGFlNDM2MjE4ZjY4YTUyZTVmNmY5YTZhNWIyM2I=\n','2007-10-09 19:54:51'),('533c40bf1fcf15f32ac4cfb21f2f71c0','gAJ9cQEuYzk0ZGFlNDM2MjE4ZjY4YTUyZTVmNmY5YTZhNWIyM2I=\n','2007-10-09 19:57:44'),('6837148f2a51b57feb16ebdf5e251f1d','gAJ9cQEuYzk0ZGFlNDM2MjE4ZjY4YTUyZTVmNmY5YTZhNWIyM2I=\n','2007-10-09 19:57:49'),('b970115844b860027c5f4c830a72c3ab','gAJ9cQEuYzk0ZGFlNDM2MjE4ZjY4YTUyZTVmNmY5YTZhNWIyM2I=\n','2007-10-09 19:59:49'),('2d93b26f6b63935c69f7911c68dfcff7','gAJ9cQEuYzk0ZGFlNDM2MjE4ZjY4YTUyZTVmNmY5YTZhNWIyM2I=\n','2007-10-09 20:00:27'),('bf2118b5a120fedd289c74bc712c8411','gAJ9cQEuYzk0ZGFlNDM2MjE4ZjY4YTUyZTVmNmY5YTZhNWIyM2I=\n','2007-10-09 20:00:31'),('f60b4d282cee83954075419b64a58dca','gAJ9cQEuYzk0ZGFlNDM2MjE4ZjY4YTUyZTVmNmY5YTZhNWIyM2I=\n','2007-10-09 20:00:33'),('91e5592c72bcd88bdb8d1b06bbb851a7','gAJ9cQEuYzk0ZGFlNDM2MjE4ZjY4YTUyZTVmNmY5YTZhNWIyM2I=\n','2007-10-09 20:00:35'),('3ea4e0488e3da41561c32fc85bfb7c87','gAJ9cQEuYzk0ZGFlNDM2MjE4ZjY4YTUyZTVmNmY5YTZhNWIyM2I=\n','2007-10-09 20:00:36'),('e5f8214a1ec60162a86cc04c47b72ea8','gAJ9cQEuYzk0ZGFlNDM2MjE4ZjY4YTUyZTVmNmY5YTZhNWIyM2I=\n','2007-10-09 20:00:39'),('8129f15a160ea1073e8ba2cc7d1e25f1','gAJ9cQEuYzk0ZGFlNDM2MjE4ZjY4YTUyZTVmNmY5YTZhNWIyM2I=\n','2007-10-09 20:00:42'),('5d13b507bad666efa62315da5e0abd25','gAJ9cQEuYzk0ZGFlNDM2MjE4ZjY4YTUyZTVmNmY5YTZhNWIyM2I=\n','2007-10-09 20:00:45'),('5a0f8a337abcccd481f404b433da2407','gAJ9cQEuYzk0ZGFlNDM2MjE4ZjY4YTUyZTVmNmY5YTZhNWIyM2I=\n','2007-10-09 20:00:48'),('9e71e34bc87cb52ade5db76915f12417','gAJ9cQEuYzk0ZGFlNDM2MjE4ZjY4YTUyZTVmNmY5YTZhNWIyM2I=\n','2007-10-09 21:02:37'),('f4c4f3e0d17fb3341051500740c054e1','gAJ9cQEuYzk0ZGFlNDM2MjE4ZjY4YTUyZTVmNmY5YTZhNWIyM2I=\n','2007-10-09 21:04:21'),('a9b181c498449adea1a5649adf81cb37','gAJ9cQEuYzk0ZGFlNDM2MjE4ZjY4YTUyZTVmNmY5YTZhNWIyM2I=\n','2007-10-09 21:04:26'),('336ba9dfb285d403265866b35dfeb6cb','gAJ9cQEuYzk0ZGFlNDM2MjE4ZjY4YTUyZTVmNmY5YTZhNWIyM2I=\n','2007-10-09 21:04:28'),('7a6fe8860654fc62f9b8eb394766b468','gAJ9cQEoVRJfYXV0aF91c2VyX2JhY2tlbmRxAlUpZGphbmdvLmNvbnRyaWIuYXV0aC5iYWNrZW5k\ncy5Nb2RlbEJhY2tlbmRxA1UPZGphbmdvX2xhbmd1YWdlcQRYAgAAAGRlcQVVDV9hdXRoX3VzZXJf\naWRxBooBAXUuNDhjYzk3OGE1YmRlYzMwNzlhY2U4ZWEyOGRkZjQ0MzY=\n','2007-10-10 23:47:22'),('113030bc13cdc1ea4b0662c7d9d05722','gAJ9cQEuYzk0ZGFlNDM2MjE4ZjY4YTUyZTVmNmY5YTZhNWIyM2I=\n','2007-10-10 10:14:52'),('0b3a785d50d7075df3973f941d81fe00','gAJ9cQEuYzk0ZGFlNDM2MjE4ZjY4YTUyZTVmNmY5YTZhNWIyM2I=\n','2007-10-10 10:14:55'),('616050932436e24ec008e4239f5c7404','gAJ9cQEuYzk0ZGFlNDM2MjE4ZjY4YTUyZTVmNmY5YTZhNWIyM2I=\n','2007-10-10 10:14:58'),('380e1314029dcc3ae106eb59352a5da2','gAJ9cQEuYzk0ZGFlNDM2MjE4ZjY4YTUyZTVmNmY5YTZhNWIyM2I=\n','2007-10-10 10:15:00'),('8bfa0060c9370550e2996e319fa70cf1','gAJ9cQEuYzk0ZGFlNDM2MjE4ZjY4YTUyZTVmNmY5YTZhNWIyM2I=\n','2007-10-10 10:15:03'),('d2a48e18855bf66ca6edee2aaacb4abb','gAJ9cQEuYzk0ZGFlNDM2MjE4ZjY4YTUyZTVmNmY5YTZhNWIyM2I=\n','2007-10-10 10:18:28'),('8f50cbd09c8deb219d3a79fe42895f28','gAJ9cQEuYzk0ZGFlNDM2MjE4ZjY4YTUyZTVmNmY5YTZhNWIyM2I=\n','2007-10-10 10:18:30'),('9f79e2e1d36e9cefc3439c4ddfecc68b','gAJ9cQFVD2RqYW5nb19sYW5ndWFnZXECWAIAAABkZXEDcy4zMzMyYTNlMjc2NzYzYjA1MDM0YjVm\nZDBkYzY3Y2UzMw==\n','2007-10-10 13:35:31'),('afb0a08a5ad8ab5247040e7ad0959d7c','gAJ9cQEuYzk0ZGFlNDM2MjE4ZjY4YTUyZTVmNmY5YTZhNWIyM2I=\n','2007-10-10 17:07:11'),('589f84b0eaf46a3b5de69ca38237405b','gAJ9cQEuYzk0ZGFlNDM2MjE4ZjY4YTUyZTVmNmY5YTZhNWIyM2I=\n','2007-10-10 17:07:19'),('d7c36d8a9de5ab682af8c82e958d92bb','gAJ9cQEuYzk0ZGFlNDM2MjE4ZjY4YTUyZTVmNmY5YTZhNWIyM2I=\n','2007-10-10 17:07:22'),('6e4eb6b88b3157199638d75a57950df1','gAJ9cQEuYzk0ZGFlNDM2MjE4ZjY4YTUyZTVmNmY5YTZhNWIyM2I=\n','2007-10-10 17:07:30'),('93669afc5f2c5db4ea525f08e14a8feb','gAJ9cQEuYzk0ZGFlNDM2MjE4ZjY4YTUyZTVmNmY5YTZhNWIyM2I=\n','2007-10-10 17:07:34'),('b63ae388fff94e970a2a4fb972163980','gAJ9cQEuYzk0ZGFlNDM2MjE4ZjY4YTUyZTVmNmY5YTZhNWIyM2I=\n','2007-10-10 17:07:36'),('ba28f9692ca41318552bede903a4d852','gAJ9cQEuYzk0ZGFlNDM2MjE4ZjY4YTUyZTVmNmY5YTZhNWIyM2I=\n','2007-10-10 17:07:45'),('79f60397d9b5ef89849ad15d757f92cb','gAJ9cQEuYzk0ZGFlNDM2MjE4ZjY4YTUyZTVmNmY5YTZhNWIyM2I=\n','2007-10-10 17:07:47'),('d4a73c1f53bb12212fbb62bd44077582','gAJ9cQEuYzk0ZGFlNDM2MjE4ZjY4YTUyZTVmNmY5YTZhNWIyM2I=\n','2007-10-10 17:11:37'),('67116ab7f80e60373a6a7ce3486d6a99','gAJ9cQEuYzk0ZGFlNDM2MjE4ZjY4YTUyZTVmNmY5YTZhNWIyM2I=\n','2007-10-10 17:11:47'),('ec35dd3aea6a307c1878f9dd530ba4d3','gAJ9cQEuYzk0ZGFlNDM2MjE4ZjY4YTUyZTVmNmY5YTZhNWIyM2I=\n','2007-10-10 17:11:50'),('204304b604da96876acd440ab736788c','gAJ9cQEuYzk0ZGFlNDM2MjE4ZjY4YTUyZTVmNmY5YTZhNWIyM2I=\n','2007-10-10 17:13:21'),('e2a710123f8d5580d4daf8c89006712d','gAJ9cQEuYzk0ZGFlNDM2MjE4ZjY4YTUyZTVmNmY5YTZhNWIyM2I=\n','2007-10-10 17:13:33'),('3f85360056769b90dc38f61f00543fb0','gAJ9cQEuYzk0ZGFlNDM2MjE4ZjY4YTUyZTVmNmY5YTZhNWIyM2I=\n','2007-10-10 17:13:36'),('60fdbbccdee3e72977e48f9fb81407d1','gAJ9cQEuYzk0ZGFlNDM2MjE4ZjY4YTUyZTVmNmY5YTZhNWIyM2I=\n','2007-10-10 17:13:39'),('df7665f649cddf48010d4e01bdc7e8d4','gAJ9cQEuYzk0ZGFlNDM2MjE4ZjY4YTUyZTVmNmY5YTZhNWIyM2I=\n','2007-10-10 17:16:57'),('749a1cda557910d58f13c8a5b7e6e948','gAJ9cQEuYzk0ZGFlNDM2MjE4ZjY4YTUyZTVmNmY5YTZhNWIyM2I=\n','2007-10-10 17:17:24'),('4f8f51c8284c81bcec5ec664324175ea','gAJ9cQEuYzk0ZGFlNDM2MjE4ZjY4YTUyZTVmNmY5YTZhNWIyM2I=\n','2007-10-10 17:17:26'),('85388c4fcefccd2aa3f7205c2f4fc8c7','gAJ9cQEuYzk0ZGFlNDM2MjE4ZjY4YTUyZTVmNmY5YTZhNWIyM2I=\n','2007-10-10 17:20:45'),('4201186a0ecb7d3e744f477ef3b8c3fc','gAJ9cQEuYzk0ZGFlNDM2MjE4ZjY4YTUyZTVmNmY5YTZhNWIyM2I=\n','2007-10-10 17:20:51'),('f82e547bb64ef9ed9cd5393524203118','gAJ9cQEuYzk0ZGFlNDM2MjE4ZjY4YTUyZTVmNmY5YTZhNWIyM2I=\n','2007-10-10 17:21:00'),('4e7b4076853202cdad80031dcc131940','gAJ9cQEuYzk0ZGFlNDM2MjE4ZjY4YTUyZTVmNmY5YTZhNWIyM2I=\n','2007-10-10 17:22:36'),('fa639233f968f11a4b2689c32f421de9','gAJ9cQEuYzk0ZGFlNDM2MjE4ZjY4YTUyZTVmNmY5YTZhNWIyM2I=\n','2007-10-10 17:23:25'),('9eb8e5efae095f5859f38b1f2f78ce58','gAJ9cQEuYzk0ZGFlNDM2MjE4ZjY4YTUyZTVmNmY5YTZhNWIyM2I=\n','2007-10-10 17:23:36'),('3615dc7d2cb6db75cc5e4967847091ab','gAJ9cQEuYzk0ZGFlNDM2MjE4ZjY4YTUyZTVmNmY5YTZhNWIyM2I=\n','2007-10-10 17:23:39'),('627c55589a6365904ffdb9b6e829ae32','gAJ9cQEuYzk0ZGFlNDM2MjE4ZjY4YTUyZTVmNmY5YTZhNWIyM2I=\n','2007-10-10 17:23:42'),('3e1529f734c3091441084d2b2b7a5d0f','gAJ9cQEuYzk0ZGFlNDM2MjE4ZjY4YTUyZTVmNmY5YTZhNWIyM2I=\n','2007-10-10 17:23:45'),('1a6f2656fede743937ed59bfc334b6ca','gAJ9cQEuYzk0ZGFlNDM2MjE4ZjY4YTUyZTVmNmY5YTZhNWIyM2I=\n','2007-10-10 17:23:55'),('80537c7a3067491b9ffc13ef3cb19637','gAJ9cQEuYzk0ZGFlNDM2MjE4ZjY4YTUyZTVmNmY5YTZhNWIyM2I=\n','2007-10-10 17:24:42'),('64d54eff7c92cac907fd5933effc90b0','gAJ9cQEuYzk0ZGFlNDM2MjE4ZjY4YTUyZTVmNmY5YTZhNWIyM2I=\n','2007-10-10 17:24:55'),('7828646a71030a06760f832c9f12d3a7','gAJ9cQEuYzk0ZGFlNDM2MjE4ZjY4YTUyZTVmNmY5YTZhNWIyM2I=\n','2007-10-10 17:25:07'),('0f94cc87954e6500914971f4cefbae9c','gAJ9cQEuYzk0ZGFlNDM2MjE4ZjY4YTUyZTVmNmY5YTZhNWIyM2I=\n','2007-10-10 17:25:18'),('f2c9d6a76a99133c15701076cee3f4cf','gAJ9cQEuYzk0ZGFlNDM2MjE4ZjY4YTUyZTVmNmY5YTZhNWIyM2I=\n','2007-10-10 17:25:19'),('e505536f08301570fda131648669c815','gAJ9cQEuYzk0ZGFlNDM2MjE4ZjY4YTUyZTVmNmY5YTZhNWIyM2I=\n','2007-10-10 17:25:34'),('ad1e17a4f63c9277a5a40d5bc36d4654','gAJ9cQEuYzk0ZGFlNDM2MjE4ZjY4YTUyZTVmNmY5YTZhNWIyM2I=\n','2007-10-10 17:25:40'),('2ca4482070f9bd288e3f9b5b81835acd','gAJ9cQEuYzk0ZGFlNDM2MjE4ZjY4YTUyZTVmNmY5YTZhNWIyM2I=\n','2007-10-10 17:25:42'),('102fafe4fd0a4cf8c3a89a09dd959dee','gAJ9cQEuYzk0ZGFlNDM2MjE4ZjY4YTUyZTVmNmY5YTZhNWIyM2I=\n','2007-10-10 17:25:45'),('f6d042b19c280152f03006fd2b7dde1e','gAJ9cQEuYzk0ZGFlNDM2MjE4ZjY4YTUyZTVmNmY5YTZhNWIyM2I=\n','2007-10-10 17:25:47'),('4e377c0ab4ea7dbdf2d0b20391d1372c','gAJ9cQEuYzk0ZGFlNDM2MjE4ZjY4YTUyZTVmNmY5YTZhNWIyM2I=\n','2007-10-10 17:25:51'),('2daf20a7a77e8477f4da10e3cb5f2c58','gAJ9cQEuYzk0ZGFlNDM2MjE4ZjY4YTUyZTVmNmY5YTZhNWIyM2I=\n','2007-10-10 17:25:56'),('87e9d0afd320caf7435f44fa9f73e876','gAJ9cQEuYzk0ZGFlNDM2MjE4ZjY4YTUyZTVmNmY5YTZhNWIyM2I=\n','2007-10-10 17:26:00'),('116648190ca4c9d746dbc421793e2688','gAJ9cQFVD2RqYW5nb19sYW5ndWFnZXECWAIAAABkZXEDcy4zMzMyYTNlMjc2NzYzYjA1MDM0YjVm\nZDBkYzY3Y2UzMw==\n','2007-10-10 19:15:08'),('aaaa882ec239610bd298f6cb5bf5b553','gAJ9cQFVD2RqYW5nb19sYW5ndWFnZXECWAIAAABlbnEDcy5lMDUxMTNiYWZmMzllN2FkMmI0OWFm\nZmU2OGNlZGViNg==\n','2007-10-10 17:26:51'),('6443063ed6ab3393bd7a9ed1837568d8','gAJ9cQFVD2RqYW5nb19sYW5ndWFnZXECWAIAAABlbnEDcy5lMDUxMTNiYWZmMzllN2FkMmI0OWFm\nZmU2OGNlZGViNg==\n','2007-10-10 17:26:56'),('2cacf129903adeea25b3effb174a268e','gAJ9cQFVD2RqYW5nb19sYW5ndWFnZXECWAIAAABqYXEDcy5hOTRmZmRhOGM4OTZhZGExM2Y4YTg0\nZDZhNTFhODViZg==\n','2007-10-10 17:26:59'),('85e7e15fc93b1133437ef59e0df5d1bf','gAJ9cQFVD2RqYW5nb19sYW5ndWFnZXECWAIAAABkZXEDcy4zMzMyYTNlMjc2NzYzYjA1MDM0YjVm\nZDBkYzY3Y2UzMw==\n','2007-10-10 23:06:53'),('f023f7a61a669407e2479f8861377475','gAJ9cQEuYzk0ZGFlNDM2MjE4ZjY4YTUyZTVmNmY5YTZhNWIyM2I=\n','2007-10-11 10:58:42'),('0bb105592a251b2c22fce9d4f65e6b50','gAJ9cQEuYzk0ZGFlNDM2MjE4ZjY4YTUyZTVmNmY5YTZhNWIyM2I=\n','2007-10-11 10:58:47'),('4b8e300e4096be0bed95e5d00b34a62a','gAJ9cQEuYzk0ZGFlNDM2MjE4ZjY4YTUyZTVmNmY5YTZhNWIyM2I=\n','2007-10-11 11:10:06'),('f9743b85d7870ab8899e9cc1f68e2b8e','gAJ9cQEuYzk0ZGFlNDM2MjE4ZjY4YTUyZTVmNmY5YTZhNWIyM2I=\n','2007-10-11 11:10:10'),('e8846e4af20b5e6e70740b56688a41c9','gAJ9cQEuYzk0ZGFlNDM2MjE4ZjY4YTUyZTVmNmY5YTZhNWIyM2I=\n','2007-10-11 15:59:42'),('f61526cd06a1109d71abc3dc1054f727','gAJ9cQEuYzk0ZGFlNDM2MjE4ZjY4YTUyZTVmNmY5YTZhNWIyM2I=\n','2007-10-11 17:46:57'),('e674b92494fc63f71568b6dfd1cf92a6','gAJ9cQEuYzk0ZGFlNDM2MjE4ZjY4YTUyZTVmNmY5YTZhNWIyM2I=\n','2007-10-11 17:47:06'),('e9ebc5a6a635791d4bd29ca2e68c8b8a','gAJ9cQEuYzk0ZGFlNDM2MjE4ZjY4YTUyZTVmNmY5YTZhNWIyM2I=\n','2007-10-11 17:47:08'),('53028266eaf2790ecb3e46b64521822a','gAJ9cQEuYzk0ZGFlNDM2MjE4ZjY4YTUyZTVmNmY5YTZhNWIyM2I=\n','2007-10-11 17:47:11'),('7b0255dc97cd4c9254a8926d566fa484','gAJ9cQEuYzk0ZGFlNDM2MjE4ZjY4YTUyZTVmNmY5YTZhNWIyM2I=\n','2007-10-11 17:47:17'),('9f9e161a9bdd3e772ed43ec8b5f8d29a','gAJ9cQEuYzk0ZGFlNDM2MjE4ZjY4YTUyZTVmNmY5YTZhNWIyM2I=\n','2007-10-11 17:47:22'),('9574617cb10812e6f3d844bc82a45603','gAJ9cQEuYzk0ZGFlNDM2MjE4ZjY4YTUyZTVmNmY5YTZhNWIyM2I=\n','2007-10-11 17:47:23'),('c55874d100e51eebe2e2b8fdb5631993','gAJ9cQEuYzk0ZGFlNDM2MjE4ZjY4YTUyZTVmNmY5YTZhNWIyM2I=\n','2007-10-11 17:47:25'),('6a79eed8d39ab6cc65e80674507743b4','gAJ9cQEuYzk0ZGFlNDM2MjE4ZjY4YTUyZTVmNmY5YTZhNWIyM2I=\n','2007-10-11 17:47:26'),('0b2af75541ce91a571f1eea138084b6a','gAJ9cQEuYzk0ZGFlNDM2MjE4ZjY4YTUyZTVmNmY5YTZhNWIyM2I=\n','2007-10-11 18:09:15'),('5a8d0047fbfbf86ef52feaeab251f028','gAJ9cQEuYzk0ZGFlNDM2MjE4ZjY4YTUyZTVmNmY5YTZhNWIyM2I=\n','2007-10-12 07:55:37'),('c56106323a66cceb4f7298c5ac23ebb6','gAJ9cQEuYzk0ZGFlNDM2MjE4ZjY4YTUyZTVmNmY5YTZhNWIyM2I=\n','2007-10-14 21:44:14'),('821ad2a0b22ccf881bba3f209fadee2e','gAJ9cQEuYzk0ZGFlNDM2MjE4ZjY4YTUyZTVmNmY5YTZhNWIyM2I=\n','2007-10-14 21:44:19'),('4587565a75d2f182aee42f8270ea047a','gAJ9cQEuYzk0ZGFlNDM2MjE4ZjY4YTUyZTVmNmY5YTZhNWIyM2I=\n','2007-10-15 17:39:04'),('704b5d1f65ab470dbe16b0d7b133acb0','gAJ9cQEuYzk0ZGFlNDM2MjE4ZjY4YTUyZTVmNmY5YTZhNWIyM2I=\n','2007-10-15 17:47:19'),('7d5e021acf1b2f345bdbd57af632687e','gAJ9cQEuYzk0ZGFlNDM2MjE4ZjY4YTUyZTVmNmY5YTZhNWIyM2I=\n','2007-10-15 17:47:21'),('0a1f0aa280abc4178a8bd6e921f07d1d','gAJ9cQEuYzk0ZGFlNDM2MjE4ZjY4YTUyZTVmNmY5YTZhNWIyM2I=\n','2007-10-15 17:47:23'),('da043c0b00e58f1c1265b533e01325d9','gAJ9cQEuYzk0ZGFlNDM2MjE4ZjY4YTUyZTVmNmY5YTZhNWIyM2I=\n','2007-10-15 23:16:19'),('f864284b446079a729ef56ece6bc0f5e','gAJ9cQFVD2RqYW5nb19sYW5ndWFnZXECWAIAAABkZXEDcy4zMzMyYTNlMjc2NzYzYjA1MDM0YjVm\nZDBkYzY3Y2UzMw==\n','2007-10-15 23:21:30'),('409f9a6a7cefdd8fcf974edda5c5e09d','gAJ9cQEuYzk0ZGFlNDM2MjE4ZjY4YTUyZTVmNmY5YTZhNWIyM2I=\n','2007-10-22 09:50:52'),('b0aaf9751d1f305c7c8d538c417909bd','gAJ9cQFVD2RqYW5nb19sYW5ndWFnZXECWAIAAABkZXEDcy4zMzMyYTNlMjc2NzYzYjA1MDM0YjVm\nZDBkYzY3Y2UzMw==\n','2007-10-22 09:53:21'),('60bd5041451c982fe424e0d5ee435827','gAJ9cQEuYzk0ZGFlNDM2MjE4ZjY4YTUyZTVmNmY5YTZhNWIyM2I=\n','2007-10-22 16:35:02'),('c221bdd3d197f2883d928d4629028316','gAJ9cQEuYzk0ZGFlNDM2MjE4ZjY4YTUyZTVmNmY5YTZhNWIyM2I=\n','2007-10-22 16:35:26'),('3210680b1029065269f7d7a1906d06d0','gAJ9cQEuYzk0ZGFlNDM2MjE4ZjY4YTUyZTVmNmY5YTZhNWIyM2I=\n','2007-10-22 16:35:28'),('d6d1282d5ae33f5f28684a665a58cb58','gAJ9cQEuYzk0ZGFlNDM2MjE4ZjY4YTUyZTVmNmY5YTZhNWIyM2I=\n','2007-10-22 16:35:30'),('f6b02c3475a0af7706b0257d0a41fac4','gAJ9cQEuYzk0ZGFlNDM2MjE4ZjY4YTUyZTVmNmY5YTZhNWIyM2I=\n','2007-10-22 16:35:33'),('b00120fcf0142d1042bfc5ed2916e032','gAJ9cQEuYzk0ZGFlNDM2MjE4ZjY4YTUyZTVmNmY5YTZhNWIyM2I=\n','2007-10-22 16:35:36'),('d4e2daedada5f7031fa341df6de08728','gAJ9cQEuYzk0ZGFlNDM2MjE4ZjY4YTUyZTVmNmY5YTZhNWIyM2I=\n','2007-10-22 16:35:49'),('433814b9a3d884c504e1d2a47e85fdb7','gAJ9cQEuYzk0ZGFlNDM2MjE4ZjY4YTUyZTVmNmY5YTZhNWIyM2I=\n','2007-10-22 16:35:50'),('f0c2e4622a204a6cdd77d07ae3c101c1','gAJ9cQEuYzk0ZGFlNDM2MjE4ZjY4YTUyZTVmNmY5YTZhNWIyM2I=\n','2007-10-22 16:35:51'),('c978975e170aab88a882a9b3b8bc7a41','gAJ9cQEuYzk0ZGFlNDM2MjE4ZjY4YTUyZTVmNmY5YTZhNWIyM2I=\n','2007-10-22 16:35:52'),('7164c882bd4ee51298a16e3baa183e1f','gAJ9cQEuYzk0ZGFlNDM2MjE4ZjY4YTUyZTVmNmY5YTZhNWIyM2I=\n','2007-10-22 16:35:55'),('bfd80b2f6977226ffdd9ed97a9cadd55','gAJ9cQEuYzk0ZGFlNDM2MjE4ZjY4YTUyZTVmNmY5YTZhNWIyM2I=\n','2007-10-22 16:35:56'),('80aeaa26db5f8c462712ebe9ab187294','gAJ9cQFVD2RqYW5nb19sYW5ndWFnZXECWAIAAABkZXEDcy4zMzMyYTNlMjc2NzYzYjA1MDM0YjVm\nZDBkYzY3Y2UzMw==\n','2007-10-22 16:36:11'),('1424334b69ea4927405867461ddef700','gAJ9cQEuYzk0ZGFlNDM2MjE4ZjY4YTUyZTVmNmY5YTZhNWIyM2I=\n','2007-10-23 17:01:07'),('a68b21a9e78835bbe12f1685782ae02e','gAJ9cQFVD2RqYW5nb19sYW5ndWFnZXECWAIAAABlbnEDcy5lMDUxMTNiYWZmMzllN2FkMmI0OWFm\nZmU2OGNlZGViNg==\n','2007-10-23 17:02:01'),('e2121d847213237cf301c8e98ce5f266','gAJ9cQEoVQp0ZXN0Y29va2llcQJVBndvcmtlZHEDVQ9kamFuZ29fbGFuZ3VhZ2VxBFgCAAAAZGVx\nBXUuNDVjOGNhNjE4ZjAyZWYwYmI0OWRkY2IyZGJjZjNkNDc=\n','2007-10-25 17:24:23'),('dca8bacc459b013984c702f7c22196f1','gAJ9cQEuYzk0ZGFlNDM2MjE4ZjY4YTUyZTVmNmY5YTZhNWIyM2I=\n','2007-10-30 08:51:21'),('33a91526dfe62f5d0ba25e35bf294cda','gAJ9cQFVD2RqYW5nb19sYW5ndWFnZXECWAIAAABkZXEDcy4zMzMyYTNlMjc2NzYzYjA1MDM0YjVm\nZDBkYzY3Y2UzMw==\n','2007-10-30 08:56:21'),('a6885bd0be4fd26ef88a915b9934d28c','gAJ9cQEuYzk0ZGFlNDM2MjE4ZjY4YTUyZTVmNmY5YTZhNWIyM2I=\n','2007-11-06 16:38:17'),('697e765e675856d40d0b2a00d86f5d44','gAJ9cQEuYzk0ZGFlNDM2MjE4ZjY4YTUyZTVmNmY5YTZhNWIyM2I=\n','2007-11-06 16:38:24'),('6ba81e0130d624d55d069fae7b52ae9a','gAJ9cQEuYzk0ZGFlNDM2MjE4ZjY4YTUyZTVmNmY5YTZhNWIyM2I=\n','2007-11-06 16:38:25'),('aa49a89fa6ae4dcb8f696c55eefca044','gAJ9cQEuYzk0ZGFlNDM2MjE4ZjY4YTUyZTVmNmY5YTZhNWIyM2I=\n','2007-11-06 16:38:27'),('57e25fc03652a9592dd576eb6db4bd0d','gAJ9cQEuYzk0ZGFlNDM2MjE4ZjY4YTUyZTVmNmY5YTZhNWIyM2I=\n','2007-11-06 16:38:29'),('f56e77352a35486e71a715fda82da2b1','gAJ9cQEuYzk0ZGFlNDM2MjE4ZjY4YTUyZTVmNmY5YTZhNWIyM2I=\n','2007-11-06 16:38:31'),('001f1337efa7cc57ed21328e3a9522d2','gAJ9cQEuYzk0ZGFlNDM2MjE4ZjY4YTUyZTVmNmY5YTZhNWIyM2I=\n','2007-11-06 16:38:34'),('f855cc42399ca2638f1ab1cde28632b9','gAJ9cQEuYzk0ZGFlNDM2MjE4ZjY4YTUyZTVmNmY5YTZhNWIyM2I=\n','2007-11-06 16:38:36'),('3636e3b364e8b8b7335ddeba067dda4a','gAJ9cQFVD2RqYW5nb19sYW5ndWFnZXECWAIAAABkZXEDcy4zMzMyYTNlMjc2NzYzYjA1MDM0YjVm\nZDBkYzY3Y2UzMw==\n','2007-11-07 16:43:24'),('006dc8587f5095cfb9365df85af7c4ed','gAJ9cQEuYzk0ZGFlNDM2MjE4ZjY4YTUyZTVmNmY5YTZhNWIyM2I=\n','2007-11-08 17:51:18'),('d2c34d0f2f81347b911c33c21ba6e8ec','gAJ9cQEuYzk0ZGFlNDM2MjE4ZjY4YTUyZTVmNmY5YTZhNWIyM2I=\n','2007-11-08 17:51:36'),('0907094cb916cc167e1757168c4f483d','gAJ9cQEuYzk0ZGFlNDM2MjE4ZjY4YTUyZTVmNmY5YTZhNWIyM2I=\n','2007-11-08 17:51:49'),('a81b78a0b9a516bd14ed279312374476','gAJ9cQFVD2RqYW5nb19sYW5ndWFnZXECWAIAAABkZXEDcy4zMzMyYTNlMjc2NzYzYjA1MDM0YjVm\nZDBkYzY3Y2UzMw==\n','2007-11-08 17:52:14'),('e14ba27d8cd9c87b6b4d6747e1791db7','gAJ9cQEuYzk0ZGFlNDM2MjE4ZjY4YTUyZTVmNmY5YTZhNWIyM2I=\n','2007-11-10 16:21:08'),('b2bac2424a3ead0277d0c9051ded3686','gAJ9cQFVD2RqYW5nb19sYW5ndWFnZXECWAIAAABkZXEDcy4zMzMyYTNlMjc2NzYzYjA1MDM0YjVm\nZDBkYzY3Y2UzMw==\n','2007-11-10 16:21:16'),('a7aaaece18e32d814a67ab0855c81c9d','gAJ9cQEuYzk0ZGFlNDM2MjE4ZjY4YTUyZTVmNmY5YTZhNWIyM2I=\n','2007-11-14 07:04:31'),('cf947f76cb9de6103769ac4c48341e73','gAJ9cQEuYzk0ZGFlNDM2MjE4ZjY4YTUyZTVmNmY5YTZhNWIyM2I=\n','2007-11-14 07:05:25'),('7c863a78c77dadaddba22791f6d4f5f2','gAJ9cQFVD2RqYW5nb19sYW5ndWFnZXECWAIAAABkZXEDcy4zMzMyYTNlMjc2NzYzYjA1MDM0YjVm\nZDBkYzY3Y2UzMw==\n','2007-11-14 07:05:46'),('4615581651f9663ccf4bc8e4c0153401','gAJ9cQEuYzk0ZGFlNDM2MjE4ZjY4YTUyZTVmNmY5YTZhNWIyM2I=\n','2007-11-14 15:19:32'),('bb01113cfa09acd7d22b1a8faf80dfd8','gAJ9cQFVD2RqYW5nb19sYW5ndWFnZXECWAIAAABkZXEDcy4zMzMyYTNlMjc2NzYzYjA1MDM0YjVm\nZDBkYzY3Y2UzMw==\n','2007-11-14 15:26:03'),('69a830311592bb876ff43013e6647f40','gAJ9cQEuYzk0ZGFlNDM2MjE4ZjY4YTUyZTVmNmY5YTZhNWIyM2I=\n','2007-11-15 12:50:51'),('55cb0981438ae93829ee07a28d630e1c','gAJ9cQEuYzk0ZGFlNDM2MjE4ZjY4YTUyZTVmNmY5YTZhNWIyM2I=\n','2007-11-15 16:19:29'),('ee149f4b75f99a1b005f1ec124e36352','gAJ9cQEuYzk0ZGFlNDM2MjE4ZjY4YTUyZTVmNmY5YTZhNWIyM2I=\n','2007-11-15 16:19:32'),('52335ae1774ea23754b09b40c56ee802','gAJ9cQEuYzk0ZGFlNDM2MjE4ZjY4YTUyZTVmNmY5YTZhNWIyM2I=\n','2007-11-19 10:21:18'),('d9b1a5c03617fdcc6ee3bb3c51e64630','gAJ9cQEuYzk0ZGFlNDM2MjE4ZjY4YTUyZTVmNmY5YTZhNWIyM2I=\n','2007-11-21 11:42:15'),('c24c4aa37c713c739e77a14595ca242c','gAJ9cQEuYzk0ZGFlNDM2MjE4ZjY4YTUyZTVmNmY5YTZhNWIyM2I=\n','2007-11-21 11:42:15'),('c5a4e8fbdf093a172663e63d498384f6','gAJ9cQEuYzk0ZGFlNDM2MjE4ZjY4YTUyZTVmNmY5YTZhNWIyM2I=\n','2007-11-21 11:42:22'),('f7d3fc6b38239ff9ab64215639952afb','gAJ9cQEuYzk0ZGFlNDM2MjE4ZjY4YTUyZTVmNmY5YTZhNWIyM2I=\n','2007-11-21 11:42:24'),('75e91dbf8e41c18d702e6c59d039ec6b','gAJ9cQEuYzk0ZGFlNDM2MjE4ZjY4YTUyZTVmNmY5YTZhNWIyM2I=\n','2007-11-21 11:42:26'),('cb06754b83b529c178b16b2e47006045','gAJ9cQFVD2RqYW5nb19sYW5ndWFnZXECWAIAAABkZXEDcy4zMzMyYTNlMjc2NzYzYjA1MDM0YjVm\nZDBkYzY3Y2UzMw==\n','2007-11-21 11:42:39'),('91f25896e246e32ba4e16b6da3f745f0','gAJ9cQEuYzk0ZGFlNDM2MjE4ZjY4YTUyZTVmNmY5YTZhNWIyM2I=\n','2007-11-27 17:46:54'),('e9e42aaa0393db8cc95c57ea15ead393','gAJ9cQEuYzk0ZGFlNDM2MjE4ZjY4YTUyZTVmNmY5YTZhNWIyM2I=\n','2007-11-27 17:47:31'),('3670f3ee4ff94609f4e7a5101940da3b','gAJ9cQEuYzk0ZGFlNDM2MjE4ZjY4YTUyZTVmNmY5YTZhNWIyM2I=\n','2007-11-27 17:47:43'),('8403c8b207552da184f9a758bc4bf189','gAJ9cQEuYzk0ZGFlNDM2MjE4ZjY4YTUyZTVmNmY5YTZhNWIyM2I=\n','2007-11-27 17:47:50'),('1a081743bb90fe845c267f435e373101','gAJ9cQEuYzk0ZGFlNDM2MjE4ZjY4YTUyZTVmNmY5YTZhNWIyM2I=\n','2007-11-27 17:47:50'),('c01700e4df52934ec52de153fe13b16a','gAJ9cQEuYzk0ZGFlNDM2MjE4ZjY4YTUyZTVmNmY5YTZhNWIyM2I=\n','2007-11-27 17:51:13'),('dd35a38d11eed312e981c83e370b1ac9','gAJ9cQEuYzk0ZGFlNDM2MjE4ZjY4YTUyZTVmNmY5YTZhNWIyM2I=\n','2007-12-03 13:46:26'),('a5844cc90ee247ad151b0f75519ad38a','gAJ9cQEuYzk0ZGFlNDM2MjE4ZjY4YTUyZTVmNmY5YTZhNWIyM2I=\n','2007-12-03 13:46:29'),('c195adb99e671d788161c517fb0b9ed6','gAJ9cQEuYzk0ZGFlNDM2MjE4ZjY4YTUyZTVmNmY5YTZhNWIyM2I=\n','2007-12-03 13:46:45'),('62d24d6748fc9b4a08c238bab6abb65b','gAJ9cQEuYzk0ZGFlNDM2MjE4ZjY4YTUyZTVmNmY5YTZhNWIyM2I=\n','2007-12-03 13:46:48'),('a6d7b0591e44254c2bbdd7426f994476','gAJ9cQEuYzk0ZGFlNDM2MjE4ZjY4YTUyZTVmNmY5YTZhNWIyM2I=\n','2007-12-03 13:46:50'),('40befc8fe5b77e2bbbc83486246f8954','gAJ9cQEuYzk0ZGFlNDM2MjE4ZjY4YTUyZTVmNmY5YTZhNWIyM2I=\n','2007-12-03 13:46:51'),('19e9fd74cfb9ec49dec780ff42f5468a','gAJ9cQEuYzk0ZGFlNDM2MjE4ZjY4YTUyZTVmNmY5YTZhNWIyM2I=\n','2007-12-03 13:46:54'),('46b196ce900577e1691ec983414cc0bd','gAJ9cQEuYzk0ZGFlNDM2MjE4ZjY4YTUyZTVmNmY5YTZhNWIyM2I=\n','2007-12-03 13:47:00'),('c6f8d9d0fbd95de733d06a2061fd5934','gAJ9cQEuYzk0ZGFlNDM2MjE4ZjY4YTUyZTVmNmY5YTZhNWIyM2I=\n','2007-12-03 13:47:01'),('d9c3e98a8b78e77d4da40faec053b1c3','gAJ9cQEuYzk0ZGFlNDM2MjE4ZjY4YTUyZTVmNmY5YTZhNWIyM2I=\n','2007-12-03 13:47:09'),('f2ae7cdb4f4567b535ce22746a608128','gAJ9cQEuYzk0ZGFlNDM2MjE4ZjY4YTUyZTVmNmY5YTZhNWIyM2I=\n','2007-12-03 13:47:10'),('96c4b43e762eb9bcd2eaf01be05e717d','gAJ9cQEuYzk0ZGFlNDM2MjE4ZjY4YTUyZTVmNmY5YTZhNWIyM2I=\n','2007-12-03 13:47:11'),('99bded8fa5743903c38401932a54caed','gAJ9cQEuYzk0ZGFlNDM2MjE4ZjY4YTUyZTVmNmY5YTZhNWIyM2I=\n','2007-12-03 13:47:13'),('2c3a158ab5e882f5b0c9f28a642a8ba5','gAJ9cQEuYzk0ZGFlNDM2MjE4ZjY4YTUyZTVmNmY5YTZhNWIyM2I=\n','2007-12-03 13:47:14'),('e475909b60b68d3eec5ce3a0de462fe1','gAJ9cQEuYzk0ZGFlNDM2MjE4ZjY4YTUyZTVmNmY5YTZhNWIyM2I=\n','2007-12-03 13:53:32'),('b1d5c058e237c4151671de1d7cc722c6','gAJ9cQEuYzk0ZGFlNDM2MjE4ZjY4YTUyZTVmNmY5YTZhNWIyM2I=\n','2007-12-03 13:53:33'),('6a350c3ac186944d6ce2771f09cc1705','gAJ9cQEuYzk0ZGFlNDM2MjE4ZjY4YTUyZTVmNmY5YTZhNWIyM2I=\n','2007-12-03 13:55:32'),('66a2cd541a594b2ca52d0d79ffe425d4','gAJ9cQEuYzk0ZGFlNDM2MjE4ZjY4YTUyZTVmNmY5YTZhNWIyM2I=\n','2007-12-03 13:55:34'),('89d9d1c9f2eea58dca46a62b1c62fcfd','gAJ9cQEuYzk0ZGFlNDM2MjE4ZjY4YTUyZTVmNmY5YTZhNWIyM2I=\n','2007-12-03 13:56:35'),('2383ffdc7c44a50fb4b558c42ca9bfd3','gAJ9cQEuYzk0ZGFlNDM2MjE4ZjY4YTUyZTVmNmY5YTZhNWIyM2I=\n','2007-12-03 13:56:48'),('f78142769bbe29ddfb3970a5bbd41cfb','gAJ9cQEuYzk0ZGFlNDM2MjE4ZjY4YTUyZTVmNmY5YTZhNWIyM2I=\n','2007-12-03 13:56:49'),('c1a8f70ee919c8ed0e42e16e0d5a0562','gAJ9cQEuYzk0ZGFlNDM2MjE4ZjY4YTUyZTVmNmY5YTZhNWIyM2I=\n','2007-12-03 13:56:51'),('6f70da12a3eb99d932367087075bf6ba','gAJ9cQEuYzk0ZGFlNDM2MjE4ZjY4YTUyZTVmNmY5YTZhNWIyM2I=\n','2007-12-03 13:56:57'),('ee9c366a2fb9b34555957653886a7222','gAJ9cQEuYzk0ZGFlNDM2MjE4ZjY4YTUyZTVmNmY5YTZhNWIyM2I=\n','2007-12-03 13:57:00'),('db77e6a5d8275d416da0b8fb5b482765','gAJ9cQEuYzk0ZGFlNDM2MjE4ZjY4YTUyZTVmNmY5YTZhNWIyM2I=\n','2007-12-03 13:57:22'),('85ed48622303971d4c887bf53d12d5d2','gAJ9cQEuYzk0ZGFlNDM2MjE4ZjY4YTUyZTVmNmY5YTZhNWIyM2I=\n','2007-12-03 13:57:58'),('4051a284f066078405869590ffa78096','gAJ9cQFVD2RqYW5nb19sYW5ndWFnZXECWAIAAABkZXEDcy4zMzMyYTNlMjc2NzYzYjA1MDM0YjVm\nZDBkYzY3Y2UzMw==\n','2007-12-03 13:59:02'),('de004d50c734a26dce7d421deff7dc82','gAJ9cQEuYzk0ZGFlNDM2MjE4ZjY4YTUyZTVmNmY5YTZhNWIyM2I=\n','2007-12-04 13:59:42'),('ab0b41d4b56aa578019df023ff73742c','gAJ9cQEuYzk0ZGFlNDM2MjE4ZjY4YTUyZTVmNmY5YTZhNWIyM2I=\n','2007-12-04 17:33:47'),('131fdec25604b4019595a18258dee3c2','gAJ9cQEuYzk0ZGFlNDM2MjE4ZjY4YTUyZTVmNmY5YTZhNWIyM2I=\n','2007-12-10 12:32:33'),('543bebe3f53131a991c2e2d79c343c38','gAJ9cQEuYzk0ZGFlNDM2MjE4ZjY4YTUyZTVmNmY5YTZhNWIyM2I=\n','2007-12-10 12:32:36'),('d054b25d0a8b9e089359e9d190788ce0','gAJ9cQEuYzk0ZGFlNDM2MjE4ZjY4YTUyZTVmNmY5YTZhNWIyM2I=\n','2007-12-10 12:32:37'),('85b043fc8c11d3c81596ef896657feb6','gAJ9cQEuYzk0ZGFlNDM2MjE4ZjY4YTUyZTVmNmY5YTZhNWIyM2I=\n','2007-12-10 12:32:38'),('5ce77b8e6461e6cbcb3ab00b96fe28c8','gAJ9cQEuYzk0ZGFlNDM2MjE4ZjY4YTUyZTVmNmY5YTZhNWIyM2I=\n','2007-12-10 12:32:39'),('82a06d8f13cc8079a1c2cf5f04fc5bc5','gAJ9cQEuYzk0ZGFlNDM2MjE4ZjY4YTUyZTVmNmY5YTZhNWIyM2I=\n','2007-12-14 09:23:13'),('f674948efaab90bd2aa088a4b390cdd9','gAJ9cQEoVQ1fYXV0aF91c2VyX2lkcQKKAQFVD2RqYW5nb19sYW5ndWFnZXEDWAIAAABkZXEEVRJf\nYXV0aF91c2VyX2JhY2tlbmRxBVUpZGphbmdvLmNvbnRyaWIuYXV0aC5iYWNrZW5kcy5Nb2RlbEJh\nY2tlbmRxBnUuZjUzZDZjNzE3MzE2YTYzM2Y5OGQ5NTM3NzRmMmUzODI=\n','2007-12-26 01:44:14'),('46dde65ada1b52bc0c9b1ce993379a5f','gAJ9cQEuYzk0ZGFlNDM2MjE4ZjY4YTUyZTVmNmY5YTZhNWIyM2I=\n','2007-12-21 16:07:44'),('e87354794b31837727df559daa4dfd9e','gAJ9cQEuYzk0ZGFlNDM2MjE4ZjY4YTUyZTVmNmY5YTZhNWIyM2I=\n','2007-12-15 10:10:08'),('d5281a0b6aae0ac36400c91b6ce8efd1','gAJ9cQEuYzk0ZGFlNDM2MjE4ZjY4YTUyZTVmNmY5YTZhNWIyM2I=\n','2007-12-15 10:10:12'),('7f85e62981717f424ba25b3a34182164','gAJ9cQEuYzk0ZGFlNDM2MjE4ZjY4YTUyZTVmNmY5YTZhNWIyM2I=\n','2007-12-15 10:10:16'),('d89c1c2c676676beb7d3775852e840f6','gAJ9cQEuYzk0ZGFlNDM2MjE4ZjY4YTUyZTVmNmY5YTZhNWIyM2I=\n','2007-12-15 10:10:17'),('0200b3b239ecc195024fa5231bc693ab','gAJ9cQEuYzk0ZGFlNDM2MjE4ZjY4YTUyZTVmNmY5YTZhNWIyM2I=\n','2007-12-15 10:10:19'),('b00a5ff3775088ade1908c052e261d3e','gAJ9cQEuYzk0ZGFlNDM2MjE4ZjY4YTUyZTVmNmY5YTZhNWIyM2I=\n','2007-12-15 10:10:24'),('3752fd552dbfb059d096f28a3b20a26c','gAJ9cQEuYzk0ZGFlNDM2MjE4ZjY4YTUyZTVmNmY5YTZhNWIyM2I=\n','2007-12-15 10:10:26'),('a0b32f674ee6b05595c12165194d49c3','gAJ9cQEuYzk0ZGFlNDM2MjE4ZjY4YTUyZTVmNmY5YTZhNWIyM2I=\n','2007-12-15 10:10:33'),('547d71cdcfeba2973ab834647ca60506','gAJ9cQEuYzk0ZGFlNDM2MjE4ZjY4YTUyZTVmNmY5YTZhNWIyM2I=\n','2007-12-15 10:10:35'),('35c2347f4be8b4296d2dbfe13f6526fd','gAJ9cQEuYzk0ZGFlNDM2MjE4ZjY4YTUyZTVmNmY5YTZhNWIyM2I=\n','2007-12-15 10:10:38'),('fef0ea789547b54218eb181cb67ed8e8','gAJ9cQEuYzk0ZGFlNDM2MjE4ZjY4YTUyZTVmNmY5YTZhNWIyM2I=\n','2007-12-15 10:12:14'),('1465d360813692e878070e9cad94aa9e','gAJ9cQEuYzk0ZGFlNDM2MjE4ZjY4YTUyZTVmNmY5YTZhNWIyM2I=\n','2007-12-15 10:12:20'),('4fce52653c616481e8f8f97b05d5fea8','gAJ9cQEuYzk0ZGFlNDM2MjE4ZjY4YTUyZTVmNmY5YTZhNWIyM2I=\n','2007-12-15 10:12:22'),('3a0c0ae2d1dfecf1ba58954b78d985e0','gAJ9cQEuYzk0ZGFlNDM2MjE4ZjY4YTUyZTVmNmY5YTZhNWIyM2I=\n','2007-12-15 10:13:33'),('746db1f283b112a2728e489c8dc980d1','gAJ9cQEuYzk0ZGFlNDM2MjE4ZjY4YTUyZTVmNmY5YTZhNWIyM2I=\n','2007-12-15 10:13:36'),('9d7d055b45c01c25c7d06dcb2d70398e','gAJ9cQEuYzk0ZGFlNDM2MjE4ZjY4YTUyZTVmNmY5YTZhNWIyM2I=\n','2007-12-15 10:13:38'),('d509d34e13fdb7bdd7df230ec30a6e27','gAJ9cQEuYzk0ZGFlNDM2MjE4ZjY4YTUyZTVmNmY5YTZhNWIyM2I=\n','2007-12-15 10:14:10'),('50188ca37cecb9bc6e682a1e5d66d681','gAJ9cQEuYzk0ZGFlNDM2MjE4ZjY4YTUyZTVmNmY5YTZhNWIyM2I=\n','2007-12-15 10:14:12'),('078d294da835dc900a990096e479ce9e','gAJ9cQEuYzk0ZGFlNDM2MjE4ZjY4YTUyZTVmNmY5YTZhNWIyM2I=\n','2007-12-15 10:14:18'),('033b6f5d3c8b9608e0a09a258e6b5cfd','gAJ9cQEuYzk0ZGFlNDM2MjE4ZjY4YTUyZTVmNmY5YTZhNWIyM2I=\n','2007-12-15 10:19:45'),('b797a20b3a1d63c2d5a47002470d52a8','gAJ9cQEuYzk0ZGFlNDM2MjE4ZjY4YTUyZTVmNmY5YTZhNWIyM2I=\n','2007-12-15 10:22:51'),('903a838bacf33a0fe9d855b320bb2cdd','gAJ9cQEuYzk0ZGFlNDM2MjE4ZjY4YTUyZTVmNmY5YTZhNWIyM2I=\n','2007-12-15 10:22:53'),('7b0289993b1aa2dd48ca49fd804627ac','gAJ9cQFVD2RqYW5nb19sYW5ndWFnZXECWAIAAABkZXEDcy4zMzMyYTNlMjc2NzYzYjA1MDM0YjVm\nZDBkYzY3Y2UzMw==\n','2007-12-15 13:51:57'),('3ffeaae176ef894acd6ae9ca7d57188c','gAJ9cQEoVRJfYXV0aF91c2VyX2JhY2tlbmRxAlUpZGphbmdvLmNvbnRyaWIuYXV0aC5iYWNrZW5k\ncy5Nb2RlbEJhY2tlbmRxA1UPZGphbmdvX2xhbmd1YWdlcQRYAgAAAGRlcQVVDV9hdXRoX3VzZXJf\naWRxBooBAXUuNDhjYzk3OGE1YmRlYzMwNzlhY2U4ZWEyOGRkZjQ0MzY=\n','2007-12-27 23:03:15');
/*!40000 ALTER TABLE `django_session` ENABLE KEYS */;
UNLOCK TABLES;

--
-- Table structure for table `django_site`
--

DROP TABLE IF EXISTS `django_site`;
CREATE TABLE `django_site` (
  `id` int(11) NOT NULL auto_increment,
  `domain` varchar(100) NOT NULL,
  `name` varchar(50) NOT NULL,
  PRIMARY KEY  (`id`)
) ENGINE=MyISAM AUTO_INCREMENT=2 DEFAULT CHARSET=utf8;

--
-- Dumping data for table `django_site`
--

LOCK TABLES `django_site` WRITE;
/*!40000 ALTER TABLE `django_site` DISABLE KEYS */;
INSERT INTO `django_site` VALUES (1,'seishinkan.marcusti.dyndns.org','Aikido Dojo Seishinkan');
/*!40000 ALTER TABLE `django_site` ENABLE KEYS */;
UNLOCK TABLES;

--
-- Table structure for table `website_artikel`
--

DROP TABLE IF EXISTS `website_artikel`;
CREATE TABLE `website_artikel` (
  `id` int(11) NOT NULL auto_increment,
  `title` varchar(200) NOT NULL,
  `title_en` varchar(200) NOT NULL,
  `title_ja` varchar(200) NOT NULL,
  `text` longtext NOT NULL,
  `text_en` longtext NOT NULL,
  `text_ja` longtext NOT NULL,
  `position` int(11) NOT NULL,
  `bild_id` int(11) default NULL,
  `bild_ausrichtung` varchar(200) NOT NULL,
  `kategorie_id` int(11) NOT NULL,
  `public` tinyint(1) NOT NULL,
  `creation` datetime NOT NULL,
  `modified` datetime NOT NULL,
  PRIMARY KEY  (`id`),
  KEY `website_artikel_bild_id` (`bild_id`),
  KEY `website_artikel_kategorie_id` (`kategorie_id`)
) ENGINE=MyISAM AUTO_INCREMENT=8 DEFAULT CHARSET=utf8;

--
-- Dumping data for table `website_artikel`
--

LOCK TABLES `website_artikel` WRITE;
/*!40000 ALTER TABLE `website_artikel` DISABLE KEYS */;
INSERT INTO `website_artikel` VALUES (1,'Tendoryu Aikido – Energie in Bewegung','Tendoryu Aikido – Energy in Motion','天道流合気道 – 動きの中のエネルギー','Aikido ist eine gewaltfreie Budo-Kampfkunst voller Harmonie und Eleganz, welche auf der Philosophie des Miteinander basiert. Das Aikido-Dojo-Seishinkan in Hamburg praktiziert Aikido nach dem Tendoryu-Stil (“Himmelsweg-Schule”). Dieses wurde nach dem Tod des Aikido-Begründers O´Sensei Morihei Ueshiba durch den japanischen Meister Kenji Shimizu geprägt. Meister Shimizu war es auch, der der traditionellen Übungsstätte in Hamburg Eilbek den Namen Seishinkan-Dojo (“Raum des reinen Herzens”) verliehen hat. Der Dojo-Leiter Eckhardt Hemkemeier ist ein direkter Schüler von Meister Shimizu und trägt den 4. Dan.\n\nKommen Sie doch einfach zum Probetraining vorbei und lernen die moderne Budo-Kunst Aikido kennen! Oder besuchen Sie unseren regelmäßig durchgeführten Anfängerkurs. Dieser findet immer Mittwochs und Freitags um 18.30 Uhr statt und umfasst fünf Trainingsabende. Interessenten melden sich bitte bei Eckhardt Hemkemeier oder kommen direkt zum Kurs! Kostenbeitrag für alle fünf Einheiten: 15 € (auch als Geschenkgutschein erhältlich!) Wir bieten auch Workshops für Schulen und Betriebe an. Bitte kontaktieren Sie uns.','Aikido is a non-violent budo martial art full of harmony and elegance, which is based on a philosophy of cooperation. The Aikido Dojo Seishinkan in Hamburg is practicing Aikido of the Tendoryu-Style (“School of the Heavenly Way”), which was founded by the japanese master Kenji Shimizu after the death of the founder of Aikido O\'Sensei Morihei Ueshiba. It was master Shimizu who gave our traditional dojo in Hamburg-Eilbek the name “Seishinkan-Dojo” (“Room of the Pure Heart”). Head of the dojo Eckhardt Hemkemeier, who holds the 4th Dan grade, is a direct student of master Shimizu.\n\nYou are welcome to visit our training and get to know us and the modern Budo-art Aikido! You can also visit our beginners course which is held every Wednesday and Friday evening from 18:30 to 20:00h. The beginners course takes 5 lessons and costs only 15 € (gift vouchers available!). If you are interested please contact Eckhard Hemkemeier or come directly to the course!','合気道は調和と動作の美しさからなる武道芸術で、力任せなものではありません。ハンブルクの合気道道場清心館では天道流を実践しています。この流派は合気道創始者である植芝盛平先生の死後、清水健二先生により創始されたものです。ハンブルクEilbekの道場に「清心館（清い心の館）」という名を授けて下さったのは清水先生であります。道場で指導を担当するEckhardt　Hemkemeier（エックハート・ヘムケマイヤー）は清水先生の直弟子で現在 4段です。\n\n皆さんも是非お試しに道場に来て武道芸術である合気道と触れてみて下さい。又は定期的に行っている初心者コースに来てみて下さい。当初心者コースは毎水曜・毎金曜（全5回）の18時半から行われております。興味のある方は是非Eckhardt　Hemkemeierのところまでお問い合わせ頂くか、道場に直接来て下さい。コースの参加費用は１５ユーロです。（プレゼントとしてのクーポン券としてもお求め頂けます。）',0,NULL,'right',1,1,'2007-12-13 23:24:35','2007-12-13 23:24:35'),(2,'Aikido ist Harmonie','Aikido is Harmony','合気道とはハーモニーです','“Aikido ist, den Gegner so zu führen, dass er freiwillig seine feindliche Einstellung aufgibt”, so O´Sensei Morihei Ueshiba, der Begründer dieser modernen japanischen Kampfkunst. Dieses spiegelt sich auch im Begriff des Aikido wider: Aikido ist der Weg (“Do”) zur Harmonisierung (“Ai”) der eigenen Lebensenergie mit der kosmischen Energie (“Ki”). Aikido ist eine noch junge Budo-Kunst, hat jedoch alte Wurzeln: Von Indien und China kamen im 9. Jahrhundert zusammen mit dem Buddhismus hauptsächlich waffenlose Kampfkünste nach Japan. Auch Morihei Ueshiba studierte diese traditionellen Techniken und entwickelte in Jahrzehnten - er lebte von 1883 bis 1969 - aus Altem und Neuem Aikido. Wie in vielen klassischen Budo-Disziplinen wird beim Aikido kein Wettkampf betrieben. Es geht um die persönliche Entwicklung und nicht um das alltägliche “Schneller-Höher-Weiter”. Aikido ist eine ebenso sanfte wie effektive Form der Selbstverteidigung, eine Kampfkunst, die nicht auf Siegen fixiert ist, sondern Vertrauen schafft. Beim Aikido geht es darum, die Angriffsenergie des Gegners dynamisch umzuleiten. Dies geschieht gewaltfrei und benötigt wenig Kraft.','As O´Sensei Morihei Ueshiba (1883 – 1969), founder of this modern martial art, said, “Aikido means, leading the opponent in such a way that he (or she) gives up his hostile attidute.” This is also reflected in the word Aikido itself: Aikido is the way (“Do”) of harmonizing (“Ai”) the energy of oneself with the energy of the universe (“Ki”). Although Aikido is a rather modern art, its roots are quite old: During the 9th century Buddhism and mainly weaponless martial arts came from India and China to Japan. Morihei Ueshiba studied these traditional forms. In the course of decades he merged old and new elements to create Aikido Like many of the classic Budo-disciplines, Aikido ist a non-competitive art. Instead it aims at personal developement – not a mentality of rivalty. Aikido is as gentle as well as an effective form of self-defense – a martial art that ist not focussed on winning but in creating harmony and confidence. Aikido is about redirecting the kinetic energy of the opponent\'s attack. This is done without any violence and needs little strength.','「合気道は相手が敵意ある態度を自発的に放棄するよう相手を導いていくことです。」と日本の現代武道芸術、つまり合気道創始者である植芝盛平先生は語っていました。これは正しく「合気道」という言葉を反映しています：自分のエネルギー「気」と自分を取り巻く環境、延いては宇宙のエネルギー「気」の調和・ハーモニー「合」を目指す「道」。合気道はまだ歴史の浅い武道芸術ではありますが、基となる根は古いものです。9世紀にインド・中国から日本に仏教が伝わって来たとき、武器を使わない武道芸術がいっしょにやって来ました。植芝盛平先生（1883～1969）はこの伝統的なテクニックを学び、それを新しい合気道に発展させたのです。他の武道分野と違って合気道には試合がありません。というのは合気道では個人的な発展が目標なのであって、人よりも速く・高く・遠くと競うものではないからです。合気道はまた護身術でもあり、勝敗にこだわらない武道芸術です。合気道で大事なのは相手の攻撃エネルギーを動的に迂回することです。これは力ずくでなされるのではないので、力持ちである必要はないのです。',0,NULL,'right',2,1,'2007-12-13 23:24:35','2007-12-13 23:24:35'),(3,'Tendo – Der Himmelsweg','Tendo – The Heavenly Way','天道 – 天への道','Einer der größten Schüler von O´Sensei Morihei Ueshiba ist Kenji Shimizu Sensei. Geboren im Jahre 1940 war Shimizu Sensei von 1962 bis 1967 Uchideshi - ein beim Meister lebender Schüler. Dort lernte er Aikido in seiner fortgeschrittensten Form kennen. Nach dem Tod von O´Sensei Morihei Ueshiba begründete Shimizu Sensei Anfang der siebziger Jahre das Tendoryu Aikido (“Himmelsweg-Schule”) und lehrt dies seither in seiner Aikidoschule - dem Tendokan - in Tokyo. Seit mittlerweile 1978 kommt Meister Shimizu mehrmals im Jahr nach Deutschland und Europa, um hier seinen Stil zu unterrichten, welcher sich durch Harmonie, Eleganz und Effektivität auszeichnet. Auch erhält er häufig von seinen deutschen Schülern in Tokyo Besuch.','One of the greatest students of O\'Sensei Morihei Ueshiba is Kenji Shimizu Sensei. Born in 1940 Shimizu Sensei was “Uchideshi” – a student living with his master – between 1962 and 1967. During this time he learnt Aikido in its most advanced form. After O\'Sensei Morihei Ueshiba\'s death Shimizu Sensei founded the Tendoryu (“School of the Heavenly Way”) style of Aikido in the early 70s. Since then Kenji Shimizu Sensei is teaching in his own Aikido school – the Tendokan in Tokyo. Since 1978 master Shimizu is visiting Germany and Europe several times a year to teach his style which is characterized by harmony, elegance and efficiency. A lot of his German students return this honour by visiting Shimizu Sensei in Tokyo.','植芝盛平先生の弟子の中でも最も偉大な一人が清水健二先生です。1940年に生まれ1962年から1967年までの間、植芝先生の内弟子でした。植芝先生の死後、清水先生は70年代前半に天道流合気道を創始し、東京の合気道道場「天道館」で以後指導されています。1978年以来、清水先生は年に数回この流派伝授のためにドイツを始めヨーロッパ各地へ来られています。また一方ドイツからの訪問も東京で頻繁に受け入れられています。',0,NULL,'right',3,1,'2007-12-13 23:24:35','2007-12-13 23:24:35'),(4,'Das Aikido Dojo Seishinkan','The Aikido Dojo Seishinkan','合気道道場　清心館','1986 kam der Begründer des Aikido Dojo Seishinkan, Eckhardt Hemkemeier, nach diversen anderen Kampfkünsten mit dem Aikido in Kontakt und lernte im Jahr 1989 Shimizu Sensei und den Tendo-Stil kennen. Seit dieser Zeit ist er ein direkter Schüler von Shimizu Sensei und begleitet ihn auf fast all dessen Lehrgängen in Europa. Eckhardt Hemkemeier leitet und besucht regelmäßig Lehrgänge in Deutschland, Benelux, Frankreich, Jugoslavien und Mexiko und ist seit 1997 jährlich Gast im Tendokan in Tokyo. Er trägt den 4. Dan. Im Jahr 2000 gründete Eckhardt Hemkemeier das Aikido Dojo Seishinkan und zog im Januar 2003 mit seinen Schülern in die tradionellen Räumlichkeiten in Hamburg-Eilbek. Neben seinem Engagement als Aikido-Lehrer arbeitet er als Orchestermusiker im NDR Sinfonieorchester. ','After studying other martial arts, Eckhardt Hemkemeier, founder of the Aikido Dojo Seishinkan, had his first encounter with Aikido in 1986. In 1989 he met Shimizu Sensei and thus got to know the Tendo style. Since then Eckhard Hemkemeier is directly taught by Shimizu Sensei whom he is accompanying to most of his European training courses. As well as attending, Hemkemeier is teaching Aikido at courses in Germany, Benelux, France, former Jugoslavia, and Mexico on a regular basis. Since 1997 he is a regular guest in the Tendokan Dojo in Tokyo. In the year 2000 Eckhardt Hemkemeier founded the Aikido Dojo Seishinkan. In January 2003 he and his students moved to the new and now traditional location in Hamburg-Eilbek. Beside his dedication as an Aikido teacher Eckhard Hemkemeier who now holds the 4th Dan grade works as a musician with the NDR (Norddeutscher Rundfunk) Symphonic Orchestra. ','合気道道場清心館の設立者、Eckhardt　Hemkemeier（エックハート・ヘムケマイヤー）はいろいろな武道を経験した後、1986年に合気道と出会い1989年に清水先生の天道流派を知るようになりました。そのときから清水先生の直弟子となり、ヨーロッパでの清水先生の稽古にはほとんど付き添っています。Eckhardt　Hemkemeierは定期的にドイツ、ベネルクス、フランス、ユーゴスラヴィア、メキシコでの稽古で指導しています。現在4段で、2000年に合気道道場清心館を設立し、2003年にハンブルクEilbekに道場を移動しました。合気道指導として力を注ぐ一方、北ドイツ放送（NDR）交響楽団員としても活躍しています。 ',0,NULL,'right',4,1,'2007-12-13 23:24:35','2007-12-13 23:24:35'),(5,'Anfahrt','','','<iframe width=\"425\" height=\"350\" frameborder=\"0\" scrolling=\"no\" marginheight=\"0\" marginwidth=\"0\" src=\"http://maps.google.de/maps?f=q&amp;hl=de&amp;geocode=&amp;time=&amp;date=&amp;ttype=&amp;q=Aikido+Dojo+Seishinkan,+Wandsbeker+Chaussee+62,+22089+Eilbek,+Hamburg&amp;ie=UTF8&amp;ll=53.57355,10.043306&amp;spn=0.007964,0.017917&amp;z=14&amp;iwloc=A&amp;om=1&amp;cid=53566274,10039140,1568376711813045872&amp;output=embed&amp;s=AARTsJpRoGh87HLU9lz6ZQ2vGX-009v7Nw\"></iframe><br /><small><a href=\"http://maps.google.de/maps?f=q&amp;hl=de&amp;geocode=&amp;time=&amp;date=&amp;ttype=&amp;q=Aikido+Dojo+Seishinkan,+Wandsbeker+Chaussee+62,+22089+Eilbek,+Hamburg&amp;ie=UTF8&amp;ll=53.57355,10.043306&amp;spn=0.007964,0.017917&amp;z=14&amp;iwloc=A&amp;om=1&amp;cid=53566274,10039140,1568376711813045872&amp;source=embed\" style=\"color:#0000FF;text-align:left\">Größere Kartenansicht</a></small>','','',0,NULL,'right',8,1,'2007-12-13 23:24:35','2007-12-13 23:24:35'),(6,'Aikido für Anfänger','Aikido for Beginners','初心者のための合気道','Anfänger genießen im Aikido Dojo Seishinkan eine besondere Stellung. Das Training am Mittwoch und Freitag (18.30 – 20.00 Uhr) ist speziell auf sie ausgerichtet. Die fortgeschrittenen Schüler stehen ihnen jederzeit gern hilfreich zur Seite, schließlich war jeder einmal ein Anfänger. Später werden es die Anfänger von heute sein, die neuen Anfängern helfen und von ihren Erfahrungen berichten können. Jugend oder körperliche Fitness sind nicht notwendig um Aikido zu üben. Ob jung oder alt, Mann oder Frau, Anfänger oder Fortgeschrittener, beim Aikido trainieren alle gemeinsam und lernen voneinander. Durch Aikidoübungen bekommt der Körper und Geist ganz neues Bewußtsein, manch ein Anfänger staunt, zu welchen Bewegungen er nach einiger Zeit fähig ist. Die harmonischen Bewegungen erzeugen einen ausgeglichenen Geist. Die Muskulatur und das Herz-Kreislaufsystem werden stabilisiert, die Konzentration gefördert. Aikidoka, so der Begriff für die Aikido-Lernenden, gewinnen an Selbstbewusstsein und Vertrauen in sich, den anderen und die Situation. Man lernt, mit Schwierigkeiten geduldig umzugehen und findet neue Möglichkeiten. Ein Anfängerkurs im Dojo Seishinkan geht über fünf Termine. Das Gute daran: Man muss nicht unbedingt an fünf aufeinander folgenden Trainingseinheiten kommen, sondern kann auch mal eine Woche aussetzen. Die Kursgebüren betragen 15 € pro Teilnehmer. Der Anfängerkurs eignet sich auch sehr gut als Geschenk, zum beispiel für Freunde, die schon lange mal etwas für ihre Gesundheit tun wollen. Fragen Sie einfach nach dem Geschenkgutschein!','Beginners have a special status in the Aikido Dojo Seishinkan. On Wednesday and Friday evenings (between 18:30 and 20:00 h) we hold a special training for beginners. During this the advanced students are always willing to take special care of beginners, stand by their side and assist them in their first steps. After all, we all were beginners once. Later the beginners of today will be the advanced students who help the new beginners and tell of their experiences. You do not have to be young or physically strong to train Aikido. In Aikido young and old, male and female, beginner and advanced student train together and learn from each other. By way of practicing Aikido, body and mind gain a new level of consciousness. Especially beginners are surprised about what kind of movements they are able to perform after a while. The harmonic movements balance the mind. Aikido stabilizes muscles and the cardiovascular system, and strengthens the ability to concentrate. Aikidoka (people who practice Aikido) gain in self-confidence and trust in themselves, others, and the situation. They learn to deal patiently with difficulties and find new ways to solve conflicts. A beginners course In the Seishinkan Dojo consists of five lessons. The good thing about it: You do not have to attend on five consecutive dates. You can skip a week and continue the next. The fee for the beginner\'s course is 15 € per person. The beginners course is also a great present – e.g. for friends who always wanted to do something for their health. Just ask for our gift voucher!','合気道道場清心館での練習は毎水曜日・毎金曜日（18時半～20時）は初心者のために特別に設定されています。上級者がいつでも喜んでお助けします。上級者自身も昔は初心者だったのですから。初心者として入ったあなたが、いつかは初心者に自分の学んだことを教えてあげることができるようになるでしょう。合気道を学ぶにあたって若いかどうかなどは関係ありません。老若男女、初心者、上級者、みないっしょに練習します。合気道を学ぶことによって、体・精神に新しい意識をもたらします。調和の取れた動きはバランスの取れた精神状態をつくります。筋肉と循環器系が強化され、集中力もついてきます。合気道家は自意識と自信を得ることが出来ます。難しいことにも忍耐強く取り組んでいく姿勢と、問題解決のための新しい可能性を見出だす力もついてきます。清心館道場での初心者コースは全5回の練習から成っています。5回連続でなくても1週おいて練習に来るのでも構いません。コース参加費は15ユーロです。これはクーポン券としてプレゼントにもなります！例えば、体のために何かやりたいとずっと思っているお友達のためにどうですか。',0,NULL,'right',9,1,'2007-12-13 23:24:35','2007-12-13 23:24:35'),(7,'Aikido für Kinder','Aikido for Children','子供のための合気道','An zwei Tagen in der Woche (Dienstag und Donnerstag, jeweils von 16.30 – 18.00 Uhr) bieten wir Kindertraining an. Der Schwerpunkt liegt hier nicht auf der Technik, vielmehr lernen die Kinder im Aikido spielerisch, mit ihrem Körper umzugehen. Sie entdecken und schulen neue Fähigkeiten, die sich auch auf ihre Geisteshaltung auswirkt. Äußere und innere Ordnung stärken den Charakter, senken Aggressionen und führen zu mehr Toleranz. Die Konzentrationsfähigkeit wie die körperliche Kondition verbessern sich, auch das Gruppenverhalten wird positiv verstärkt.','Two days a week (Tuesday and Thursday from 16:30h to 18:00 h) we offer a special training for children. This training is not focussed on technique but rather on learning in a playful way to gain consciousness in the body. By training Aikido children discover and train new abilities that also affect their mental posture. Outer and inner order strengthen the character, lower aggressiveness, and lead to more tolerance. The ability to concentrate as well as the physical fitness are improved; behaviour within a group is positively enhanced.','週2回火曜・木曜（16時半～18時）は子供向け練習です。重点はここではテクニックを学ぶというより、合気道を遊び感覚で学ぶことです。子供たちも自分の精神状態に作用する新しい能力を見出すでしょう。自分の外と内の「気」が精神を強化し、また攻撃的な気持ちが和らぎ寛容になっていきます。健康にいいだけでなく集中力もつき、また集団の中での振舞いもポジティヴになっていきます。',0,NULL,'right',10,1,'2007-12-13 23:24:35','2007-12-13 23:24:35');
/*!40000 ALTER TABLE `website_artikel` ENABLE KEYS */;
UNLOCK TABLES;

--
-- Table structure for table `website_artikel_bild`
--

DROP TABLE IF EXISTS `website_artikel_bild`;
CREATE TABLE `website_artikel_bild` (
  `id` int(11) NOT NULL auto_increment,
  `artikel_id` int(11) NOT NULL,
  `bild_id` int(11) NOT NULL,
  PRIMARY KEY  (`id`),
  UNIQUE KEY `artikel_id` (`artikel_id`,`bild_id`)
) ENGINE=MyISAM DEFAULT CHARSET=utf8;

--
-- Dumping data for table `website_artikel_bild`
--

LOCK TABLES `website_artikel_bild` WRITE;
/*!40000 ALTER TABLE `website_artikel_bild` DISABLE KEYS */;
/*!40000 ALTER TABLE `website_artikel_bild` ENABLE KEYS */;
UNLOCK TABLES;

--
-- Table structure for table `website_artikel_bilder`
--

DROP TABLE IF EXISTS `website_artikel_bilder`;
CREATE TABLE `website_artikel_bilder` (
  `id` int(11) NOT NULL auto_increment,
  `artikel_id` int(11) NOT NULL,
  `bild_id` int(11) NOT NULL,
  PRIMARY KEY  (`id`),
  UNIQUE KEY `artikel_id` (`artikel_id`,`bild_id`)
) ENGINE=MyISAM DEFAULT CHARSET=utf8;

--
-- Dumping data for table `website_artikel_bilder`
--

LOCK TABLES `website_artikel_bilder` WRITE;
/*!40000 ALTER TABLE `website_artikel_bilder` DISABLE KEYS */;
/*!40000 ALTER TABLE `website_artikel_bilder` ENABLE KEYS */;
UNLOCK TABLES;

--
-- Table structure for table `website_beitrag`
--

DROP TABLE IF EXISTS `website_beitrag`;
CREATE TABLE `website_beitrag` (
  `id` int(11) NOT NULL auto_increment,
  `title` varchar(200) NOT NULL,
  `einleitung` longtext NOT NULL,
  `text` longtext NOT NULL,
  `bild_id` int(11) default NULL,
  `bild_ausrichtung` varchar(200) NOT NULL,
  `autor` varchar(200) NOT NULL,
  `beginn` date NOT NULL,
  `ende` date default NULL,
  `public` tinyint(1) NOT NULL,
  `creation` datetime NOT NULL,
  `modified` datetime NOT NULL,
  PRIMARY KEY  (`id`),
  KEY `website_beitrag_bild_id` (`bild_id`)
) ENGINE=MyISAM AUTO_INCREMENT=5 DEFAULT CHARSET=utf8;

--
-- Dumping data for table `website_beitrag`
--

LOCK TABLES `website_beitrag` WRITE;
/*!40000 ALTER TABLE `website_beitrag` DISABLE KEYS */;
INSERT INTO `website_beitrag` VALUES (1,'Tendoryu-Aikido im Umbruch','oder \n\nLehrer und Schüler – ein immer währender Widerspruch?\n\nErfahrungen aus beiden Positionen','In der letzten Zeit wird viel übers Tendoryu gesprochen. Es wird von Geldgier, Despotismus, kritikloser Gefolgschaft, Bloßstellung in der Öffentlichkeit und von vielem mehr gesprochen. Es findet eine Stimmungskampagne statt, die vielleicht einer Beleuchtung bedarf.\n\nEinige Lehrer trennen sich von einem Schüler, der nach seinen Vorstellungen nicht das wirkliche Ziel verfolgt. Manch Schüler trennt sich vom Lehrer, weil dieser nicht mehr seinen Vorstellungen entspricht. Das sollte so sein, wenn da nicht manchmal ein Egoismus im Spiel ist. Ist ein Lehrer „idealtypisch“, wird dieser, sobald er nicht mehr dem Ideal entspricht, enttäuschend sein. Er erfüllt also nicht mehr das Maß, welches man an ihn anlegt. Ist es nun am Schüler, den Lehrer zu messen, oder sollte er sich nicht besser bemühen zu verstehen, was der Lehrer ihm vermitteln will? Soll der Lehrer sich den Bedürfnissen der Schüler anpassen, oder soll er seine Sache vermitteln. Und wie er es vermitteln will? Wie vielen Schülern oder welchen Schülern soll er sich anpassen? Wie viele Ideale erfüllen? Ist das nicht absurd?\n\nMuss der andere Mensch, wer auch immer, so sein wie wir es wollen? Eltern und Lehrer spielen da eine besondere Rolle. Wir sollten Abstand nehmen vom Maßnehmen an unsereren Eltern und Lehrer. Sie haben eine besonders schwierige Aufgabe mit großer Verantwortung. Fehler gehören auch zu ihrem Leben, wir sollten sie nicht wiederholen. Eines Tages könnten wir auch Lehrer und Eltern sein und stünden denselben Tatsachen gegenüber. „Uns hört keiner mehr zu. Jeder glaubt, er oder sie wisse besser was sie tun sollen, und wie. Schließlich macht es jeder so!“ Tatsächlich?\n\nShimizu Sensei ist ein Mensch, der auf große Erfahrung im Leben und im Budo zurück blickt und diese uns weiter vermittelt. Er ist weder ein Idol noch ein Ideal, noch glaube ich, dass er dies sein möchte. Er unterrichtet Tendoryu-Aikido und beschränkt sich nicht nur auf Technik, sondern versucht, wie jeder Lehrer, auch Verständnis für Charakterbildung zu vermitteln. Er ist strikt, direkt und offen.\n\nDeswegen möchte ich eine Weile über meine Erfahrungen sprechen. Ich glaube, wer denkt, ein Lehrer sollte so sein, wie man es selber möchte, braucht keinen Lehrer. Ich beobachte immer wieder, in der letzten Zeit besonders, dass Menschen mehr selbstsüchtig sind, denn auf der Suche nach sich selbst. In den Geschlechterbeziehungen wie auch Freundschaften und in diesem speziell gesehenen Fall der Lehrer-Schülerbeziehung.\n\nZunächst möchte ich über meine Erfahrung mit meinen Instrumentallehrern berichten. Ich begann im Kindergarten mit der Blockflöte, und die Diakonistin, die den Unterricht leitete, war sehr nett. Dennoch gab es für uns keine große Wahl: Üben und mitmachen dürfen oder nicht üben und nicht mitmachen dürfen.\n\nMeine Eltern arbeiteten schwer dafür, mich anschließend Klavierunterricht nehmen zu lassen und meinen drei Brüdern ebenfalls die Möglichkeit zu erschließen, ein anspruchsvolles Instrument erlernen zu können. Mein Klavierlehrer, der Organist unserer Kirche, kam wöchentlich zu uns, um mich zu unterrichten. Er sah dies nicht als Dienstleistung an, sondern als Möglichkeit für uns, von ihm etwas zu lernen. Hatte ich mich also nicht vorbereitet, sagte er nie etwas meinen Eltern, sondern schimpfte nur mit mir. Er warf mir vor, das Geld meiner Eltern zu verschwenden und riet mir, besser mit dem Unterricht aufzuhören. Das war mir immer äußerst peinlich, und ich begann fleißiger zu sein und aufzuhören mich vor meinen Freunden zu rechtfertigen, dass ich wieder nicht mit ihnen spielen konnte. Mein Klavierlehrer lud mich nun immer zu sich nach Haus zum Unterricht ein, wo ich auf einem neuen Flügel spielen durfte. Das war wohl eine Ausnahme.\n\nDie Faszination Musik überlagerte allmählich alles. Ich lernte autodidaktisch Gitarre, Bassgitarre, Bassflöte. Ich gründete eine Schulband und mit 15 Jahren eine Tanzband.\n\nDann wechselte ich die Stadt und auf eine musisch ausgerichtete Schule. Mein Bruder war bereits im angeschlossenen Internat und empfahl mir Kontrabass zu lernen, da es genug Pianisten gäbe und die Chance, beruflich erfolgreich zu sein, bedeutend schwieriger sei. Da ich immer bequem und auf anderer Seite neugierig auf ein neues Instrument(da es angeblich leicht zu lernen sei) war, nahm ich Unterricht bei einem Schulkollegen meines Bruders, der auch Gitarre und Bassgitarre in Rock und Pop beeindruckend spielte.\n\nBegeistert nahm ich den Unterricht auf, und mein Lehrer übte jeden Tag 2 Stunden mit mir, ich durfte nicht eher Gitarre spielen oder mit der Band proben, wenn ich nicht vorher Kontrabass geübt hatte. Nach drei Monaten offenbarte er mir, dass ich mich zur Aufnahmeprüfung an der Musikhochschule als Jungstudent anzumelden hätte und er mich am folgenden Tag mit zu seinem Lehrer nehmen würde. Mir rutschte ein wenig das Herz in die Hose, nun sollte ich einen Meister des Basses kennen lernen.\n\nAnfangs war es ein wenig enttäuschend. Wir betraten den schönen aber sehr verqualmten Unterrichtsraum des Professors, welcher mich kurz begrüßte und uns anwies Platz zu nehmen. Ein älterer Student bekam gerade eine Stunde. Ich traute meinen Augen nicht, der Student hatte eine Zigarette im Mund, der Lehrer eine Pfeife. Dieser sang gleichzeitig leidenschaftlich die Stimme des Stücks mit, welches der Student spielte. Dann brach er ab und schimpfte. \"Herr Soundso, ich mache ihnen gleich Feuer unter dem Hintern, wenn Sie nicht üben und ein wenig engagierter spielen\". Der Student antwortete, dass er das wohl nötig habe, und der Professor zog sein riesiges Gasfeuerzeug hervor, drehte es auf die höchste Stufe und hielt es dem Studenten brennend an den Hintern. Der musste mit seinem Bass einen Satz machen, dennoch war die Cordhose an der Stelle schwarz. Alle lachten, nur ich war schockiert. So vornehm ging das hier wohl doch nicht her.\n\nDarauf hin spielte er uns auf dem Instrument des Studenten das Stück vor. Ich fiel aus allen Wolken, so etwas hatte ich noch nie gehört. Selbst jede Schallplatte konnte mich nicht mehr beeindrucken als diese kleine Livedemonstration. Dann sagte er zu mir, ich solle ein paar Töne spielen, und ich kratzte nervös meine kleine Etude herunter. \"Gut\", war der Kommentar, \"ich nehme Sie\". Damit war ich entlassen und durfte gehen. Zwei Wochen später bestand ich in Anwesenheit des Direktors und des Professors die Aufnahmeprüfung. Der Direktor schaute sehr enttäuscht drein und sagte: „ Herr Professor, ich lasse diesen jungen Mann in Ihren Händen und bin sicher, dass er es schafft“. Mein Professor sagte: „Sicherlich“!\n\nEs begann eine Zeit, in der ich vergaß zu schlafen, es gab nur Schule, Bass und Partys. Dann Jazzband und Rockband. Mein Professor gab mir den Spiegel zu lesen, Eugen Herrigels „Zen in der Kunst des Bogenschießens“ und Artikel über Politik und Bildung jeglicher Art. Er schimpfte nur, wenn ich nicht geübt hatte und hätte mich auch einmal fast rausgeworfen. Ich verstand allmählich seine Art zu unterrichten. Strenge, Vertrauen, Hingabe, Selbstbewusstsein und Respekt. Geduld und immer wieder Geduld. Ich hatte keinen eigenen Stundenplan mehr. Wenn er es wollte, hatte ich 3 Stunden nacheinander Unterricht, alle Anderen mussten warten, beziehungsweise waren einige Studenten ein Magnet für die anderen Studenten und ein Muss, deren Unterricht zu folgen. So saßen immer einige Studenten im Unterricht.\n\nIch musste später andere Vorlesungen schwänzen, weil ich Bassunterricht hatte. Ich „durfte\" in den Ferien nicht verreisen, weil mein Professor in meine Wohnung kam, um dort die anwesenden Studenten zu unterrichten. Seine japanische Frau begleitete ihn öfter, und so bekam ich immer mehr Kontakt und Verständnis für seine Art zu unterrichten. Er war Lehrer, Vater, Freund und Erzieher. Zwei der japanischen Studenten sind heute noch meine Freunde. Auch sie verdeutlichten mir eine vollkommen andere Art der Beziehung zu einem Lehrer. Es gab kein Aber beim Lernen, Zuhören oder Spielen. Kritik übten wir nur in einer stillen Studentenrunde. Manchmal fühlten wir uns ungerecht behandelt, benachteiligt aber auch bevorzugt. Es gab auch Neid und Eifersucht. In seiner Gegenwart allerdings trat das alles zurück, wir wollten alles lernen, was er wusste und konnte.\n\nNoch heute betrachte ich ihn als Lehrer, auch als Freund und Ratgeber. Wir duzen uns erst seit 20 Jahren, was aber dem Respekt nicht geschadet hat. Sogar als ich selbst Lehrer an der Hochschule wurde, beobachtete er meinen Unterricht und ich konnte ihn jederzeit um Rat fragen. Als ich Stil und Art ein wenig veränderte, sagte er nur, es sei ihm gleichgültig, solange es Musik bleibe und nicht von der Basis abweiche. Meine Mitstudenten und ich spielen auch nach so langer Zeit noch im Stil unseres Lehrers, verändert auf unseren Körper und Geist, eine natürliche Entwicklung.\n\nAls ich anfing, Aikido zu üben, merkte ich ihm zum ersten Mal richtig an, wie stolz er auf mich war. Kurz zuvor hatte ich eine gute Stelle bekommen, ich war neben ihm Lehrer der Hochschule und begann nun mit Aikido. Seine Frau bemerkte, dass Aikido wie Musik sei, der gleiche Weg. Ich begann in einer Aikikaischule, die ich nach einiger Zeit verließ, da ich den Lehrer als rau und rüde empfand.\n\nIch wechselte zu einer Schule, die dem Tendoryu ähnlich war, aber auf einer anderen Seite wirkliches Straßenkampfaikido war. Trotzdem ließ mich die Herzlichkeit dieser Leute lange bei ihnen verweilen. Einer der Lehrer sagte mir: „ wenn du wirklich Aikido lernen willst, musst du nach Tokyo zu Shimizu Sensei gehen“. Ich hatte bereits Kontakt zur Hamburger Tendoryugruppe und zu Peter Haase, dessen langjähriger Schüler ich wurde. Dann lernte ich Shimizu Sensei in Tokyo in seinem Dojo besser kennen.\n\nMir wurde die Parallelen zu meinen vorherigen Lehrern sehr deutlich. Mein Vater, mein Basslehrer, nun Sensei. Bis heute vergleiche ich die Striktheit, die gelegentliche Härte, die Offenheit, Herzlichkeit, Fürsorge und Bereitschaft. Manch ein asiatischer Lehrer sagt, dass ein Europäer asiatische Kultur und Budo doch nicht lernen könne, Shimizu Sensei aber wehrt sich solchen Vorurteilen gegenüber vehement, es liegt am Einzelnen, was er aus den Lehren macht. Viele Lehrer unterrichten nicht wirklich, sie kommen und gehen ohne Verantwortung für die Sache und den Menschen.\n\nAll das bestätigte mich mich von meinen Lehrern zu lernen, als Lehrer selbst so zu sein, sich nicht zu verleugnen, anzupassen und zu gefallen, um meine Vorteile zu wahren. Wenn das Aikido manchmal mehr verlangt als ein Freizeitsport-viele Leute haben Familie und einen harten Job-sind die Kosten doch eher gering, außer man fährt jedes Jahr ein bis zwei Mal nach Japan. Die Ansprüche sind eher anderer Natur: äußerste Aufmerksamkeit, Bereitschaft, Benehmen, Wachheit und Achtsamkeit zu jeder Zeit.\n\nJeder ist frei, sich dafür oder dagegen zu entscheiden. Jemanden aber zu verunglimpfen, zu verleumden und schlechte Dinge nachzusagen, entspricht wirklich nicht der Ehre eines Samurai, auch nicht eines Deutschen, obwohl wir ja damit Geschichte gemacht haben. Wir brauchen nicht unsere Familie zu vernachlässigen oder gar zu töten.\n\nEin offenes Wort von Angesicht zu Angesicht ist manchmal peinlich, denn in unserer Wellnesswelt brauchen wir doch so etwas nicht mehr. Ich denke aber, lieber manchen peinlichen Moment, als langes stilles Schämen.\n\nWenn wir ein Problem haben, sollten wir es lösen, dazu gehört eben Mut. Mehr Mut als aus dem Hintergrund zu schießen.\n\n„Nobody is perfect“, dieser Satz wird nur allzu gern auf einen selbst angewendet, Toleranz genießen wir gern, all die Tugenden empfangen wir gern. Wir sollten anfangen sie zu erlernen und zu leben.\n\nAuf ewige Veränderung, unermüdliches Lernen und Verstehen.\n\nMit lieben Grüßen,\nEuer Eckhardt ',NULL,'right','Eckhardt Hemkemeier','2007-12-10',NULL,1,'2007-12-13 23:24:35','2007-12-13 23:24:35'),(2,'Bundeslehrgang Herzogenhorn','24.06. - 30.06.2007','Am Sonntag den 24.06.2007 kam ich zusammen mit Eckhardt und Christian in Herzhogenhorn an. Zur allgemeinen Information, der genannte Ort liegt im tiefsten Schwarzwald, etwa 25 km südlich von Freiburg und 30 km nördlich der Schweiz. Seit über 20 Jahren wird dort vom Tendoryo-Aikiko-Deutschland alljährlich ein Lehrgang mit Shimizu Sensei veranstaltet, zu dem aktive Aikidokas aus ganz Europa kommen. Der gleichnamige Ort liegt etwa 150 Meter tiefer, und ist ein Bundesleistungszentrum der Biatlethen. Die Unterkunft liegt in etwa 1330 m Höhe, entsprechend häufig wechselte es die Woche über zwischen Hochnebel und Dauerregen.\n\nWir erreichten unser Ziel gegen halb fünf. Das Wetter hatte mitgespielt und so gingen wir mit mehreren Personen auf den Herzogenhorn, den zweithöchsten Berg des Schwarzwaldes. Von dort hatten wir einen Panoramaausblick auf die französischen und schweizerischen Alpen.\n\nAm Sonntag fand kein Training statt, so konnten wir alte und neue Bekannte begrüßen. Der Lehrgangsablauf sah folgendermaßen aus: Von Montag bis Freitag gab es jeweils eine Einheit vormittags von 10:00 bis 11:15 und eine nachmittags von 16:00 bis 17:00 von Montag bis Freitag. Dadurch hat man nach der ersten Einheit mehrere Stunden Zeit um sich anderweitig zu beschäftigen. Nach dem die zweite Einheit abgeschlossen war, erfolgte ab 18:00 das Abendessen, dass in geselliger Runde weiter geführt wurde.\n\nVor Beginn des Lehrgangs übernahmen die Teilnehmer selbständig die Lockerungs- und Aufwärmübungen, wie dies auch im Tendokan üblich ist. Die Übungen fangen meist mit Shiho-nage, bzw. Nikyo an, so dass man sich darauf konzentriert, die Grundlagenübungen? sauber? und technisch korrekt durchzuführen.\n\nDa das Wetter nicht mitspielte, konnten wir in der unmittelbaren Umgebung nicht viel unternehmen. Eigentlich Schade, denn die Umgebung dort ist sehr reizvoll, mit vielen Wanderwegen, und Treckingmöglichkeiten ohne Ende, auch im Winter ist die Region für die Skifahrer und Snowboarder interessant, davon zeugen die zahlreichen Seilbahnen.\n\nIm Gegensatz zu vorangegangenen Veranstaltungen konnte man diesmal bei einer durchschnittlichen Tagestemperatur von 16 °C konditionell ganz gut überstehen. Zum Abschluss des Lehrgangs wurden durch Shimizu Sensei zahlreiche Graduierungen ausgesprochen, unter anderem für Hamburger Aikidokas, wie: Peter Prehm zum 3. Dan, Klaus Marten 2. Dan, Volker Mros 2. Dan, Martin Rosik, 2. Dan.\n\nAm Samstag nach dem Frühstück haben wir uns verabschiedet, und sind abgereist.',NULL,'right','Thomas Koslowski','2007-11-26',NULL,1,'2007-12-13 23:24:35','2007-12-13 23:24:35'),(3,'Das Dojo – Ort der zeitlosen Begegnung','','Das Dojo (jap. 道場, dōjō; dt. Ort des Weges), gesprochen Doodschoo, vielmehr die Bedeutung des Dojo, muß man vor dem Hintergrund der asiatischen, shintoistischen und buddhistischen Geschichte Asiens betrachten.\n\nIn der Entwicklung des Shintoismus und des Buddhismus suchten die Gläubigen nach Orten, die für ihre Gebete und Übungen geeignet erschienen. Sie schufen in ihren Kultstätten Räume, in denen sie ihre Riten ungestört ausüben konnten. In Europa kennen wir so etwas als Kirchen und Klöster. Auch hier ist der Grund für die Bildung eines solchen Ortes die Suche nach einer Zeit der Ruhe und Unantastbarkeit von der Außenwelt. Eine Zeitlang waren solche Gebäude sogar unantastbar für die weltlichen Herren. Die Autorität des Glaubens an unberührbare Orte war sehr stark. Natürlich stand im Hintergrund die Kirche, eine Sekte oder Ähnliches, aber auch in den Menschen war die Kraft dieses Respekts. Die Aussage: „Vor Gott ist jeder gleich“ war ein Grundsatz in vielen religiösen Vereinigungen. Es sollte vermitteln, dass sich niemand sich auf Geld, Herkunft oder Beziehungen verlassen kann, sondern dass nur seine Taten und sein reiner Geist zählen. Das trifft auch auf das Dojo zu. Im Dojo sind alle gleich, es existieren keine Standesdünkel, weder reich noch arm werden bevorzugt.\n\nEs ist eine heilige Stätte, nicht unbedingt im religiösen Sinn, aber ähnlich einer Kirche oder einem Tempel. An diesen Orten steht die Zeit still, Sorgen bleiben an der Tür zurück, auch die Bedeutung des Standes einer Person bleibt an der Tür zurück. Alles bleibt an der Tür zurück, bis auf das Sein. Ideell betrachtet! Das Ausüben der Kampfkünste an solchen Orten zu Erhebung des menschlichen Seins kam in Japan erst sehr viel später. Aus Indien allerdings, ist so etwas schon lange bekannt. Die Bedeutung eines stillen Ortes, unantastbar für die alltägliche Welt, wurde bald für die Kampfkünstler Asiens sehr wichtig. Hier konnten sie sich zurückziehen, in Ruhe, ohne Beobachtung und ohne Zeitdruck studieren und sich entwickeln.\n\nNatürlich wurden und werden Dojo korrumpiert, Jede Art von Kirche oder Sekte hat dies erlebt. Menschen von außen bestechen, benutzen oder zerstören eine Kirche, einen Tempel oder Dojo. Die „Eigner“ eines Dojo, die Führer einer Kirche oder Sekte, benutzen ihre Position, sie benutzen den Geist des Dojo zur Aufwertung ihres Egos, zur Mehrung ihres Besitzes. Das wissen wir, aber das ist der schlimmste Fall.\n\nDer Leiter, im Budojo der Sensei, bestimmt zwar das Wirken im Dojo, seine Meisterschüler oder älteren Schüler unterstützen ihn dabei, aber er herrscht nicht über die Schüler. Sie sind frei, sie wählen ihn für sich als Lehrer. Ein Lehrer ohne Schüler lehrt nicht, also ist er auch kein Lehrer. Der Lehrer kann einen Schüler ausschließen, wenn er den Geist des Dojo gefährdet sieht, nein, er ist sogar verpflichtet dies zu tun. Tut er es nicht, gefährdet er den Geist und somit die Existenz des Dojo, welches ja so vielen anderen helfen soll. Der Sensei lehrt, er lernt gleichzeitig an seinen Schülern und bereichert sich und seine Schüler mit einem besseren Ego und besseren Fähigkeiten. Der Sinn des Dojo nimmt ihn in diese Pflicht.\n\nHier betrachten wir einen anderen Aspekt des Dojo: Die Pflicht. Die Pflichten des Dojobesuchers, besser Dojogängers, können sehr verschieden sein. Wenig oder vielfältig. Das spielt keine Rolle, es ist die Anwesenheit von Pflichten, die wichtig ist. Freiheit und Gleichheit existieren nicht ohne Pflichten. Es gilt das Dojo zu erhalten, man muß bezahlen, es instand halten und pflegen, man muß die anderen Dojogänger fürsorglich behandeln und behüten. Selbst wenn man denkt, man muß mehr tun als andere, tut man es. Man beachtet den Sensei wie einen geistigen Führer. Er ist eine respektable Person besonderer Art. Man muß offen sein für die Lehre die einem dort begegnet, für die Fragen die sich einem selbst stellen. Man muß gewillt sein auf sein alltägliches Ego zu verzichten, auf seine Privilegien. Erst dann ist man förderlich für das Dojo, somit für alle. Erst dann kann man lernen und vielleicht sogar diese Erkenntisse mit ins alltägliche Leben nehmen.\n\nWie ensteht ein Dojo?\nIch denke, ich kann nicht erklären, wie so ein Ort wirklich entsteht, aber vielleicht aus meiner Erfahrung beschreiben. Ich bin katholisch erzogen worden, war bis zum Ausscheiden aus der Kirche auch Ministrant. Ich habe mich viel in der Kirche aufgehalten und diese Athmosphäre stark in mich aufgenommen. Als ich das erste Mal in Japan ein buddhistisches Kloster besucht habe, fühlte ich eine ähnliche Athmosphäre. In diesem Zenkloster war auch ein Dojo für ZaZen (jap. 座禅 / 坐禅 zazen), Zen Meditation im Sitzen). Durch eine Spalte in der Tür konnte ich die Mönche beim Sitzen sehen und fühlte, dass ich hier nur eintreten oder fortgehen kann. Als bloßer Zuschauer hatte ich das Gefühl zu stören, was sehr unhöflich gewesen wäre. Auch als ich einmal durch eine Hecke beim Kyudo (jap. 弓道, kyûdô, japanisches Bogenschießen) zusah, hatte ich ein ähnliches Gefühl. Nicht die Personen selbst weisen einen fort oder ziehen einen an, es war der Ort oder die Tätigkeit, die mich fortwies oder anzog. Das hieß für mich: Störe nicht den Raum dieser Menschen, bedränge sie nicht durch deine Anwesenheit. Geh im selben Geist mit ihnen oder geh. Als ich im vergangenen Dezember im Tendokan war erlebte ich dies so: Auf Grund einer Knieoperation konnte ich nicht am Training teilnehmen. Sensei bedeutete mir mich statt dessen auf einen kleinen Hocker zu setzen. Ich fühlte mich diese Stunde sehr unwohl. Beim nächsten Training saß ich im Dogi und Hakama am Rand der Matte und fühlte mich sehr wohl, mehr noch als Takahashi San mich bat, ihn einige Male zu werfen, damit ich doch ein wenig vom Training hätte.\n\nDurch meine Reisen habe ich viele Orte dieser Art kennengelernt, ob Kirchen, Klöster, Tempel oder Schreine. Ich werde mich hier aber auf ein Budojo beziehen. Das erste Dojo, welches ich betrat, war wohl eher ein Sportraum. Das Gefühl war, obwohl dort Aikido und Karate praktiziert wurde, kein „Dojogefühl\". Auch andere Dojo in Hamburg vermittelten mir nicht das gleiche Gefühl wie das Zendojo in Japan. Als ich Peter und Olaf aus Lüneburg ein wenig half, etwas in ihrem neuen Dojo einzurichten, und als die ersten Trainingseinheiten stattfanden, bekam ich das erste „deutsche“ Dojogefühl. Eine „freie“ Ernsthaftigkeit, eine Präsenz des Budogedanken war zu spüren. Shimizu Sensei sagte einmal: „Jede Begebenheit, die in einem Dojo stattfindet, trägt zum Geist des Dojo bei. Alles Gute und Schlechte, jeder Gedanke wird Teil des Dojo.“ Deswegen habe er Abstand davon genommen, andere Gruppen in seinem Dojo trainieren zu lassen.\n\nVor einigen Jahren haben wir, eine Gruppe Aikidotrainierender, den Entschluss gefasst, ein „eigenes“ Dojo zu errichten. Eigenes habe ich in Anführungsstriche gesetzt, weil man ein Dojo nicht besitzen kann. Man kann den Raum besitzen, aber nicht den geistigen Inhalt. Ich kann sagen, dass die meisten von denen, die daran beteiligt waren, den Geist des Dojo erzeugt zu haben und damit auch die Bedeutung eines Dojo erkannt haben. Sie haben nicht nur darin gearbeitet, es gebaut, sondern anschließend auch trainiert, die ersten Reparaturen durchgeführt und neue Mitglieder eingeführt. Sensei und sein Sohn Kenta sagten bei ihrem ersten Besuch des Dojo diese Qualität sofort zu: „Richtiger und guter Geist“! Viele andere Lehrer gaben ähnliche Äußerungen von sich. Massimo Abate (Karatelehrer), Pascal Olivier, Walter Krinner, Birgit Lauenstein, Christian Haller (Tendoryu-Aikidolehrer).\n\nDer Sinn des Dojo\nDer Sinn ist, das Ego von allen Vorstellungen und Lasten zu befreien, um es für eine neue Entwicklung zu befähigen. Wie ein altes buddhistisches Sprichwort sagt: „Ein volles Glas kann man nicht füllen\". Das Betreten eines Dojo bedeutet sich zu befreien, für eine kurze Zeit frei zu sein. Natürlich frei zu sein, nicht um zu machen was man will.\n\nLehren wie die Kampfkünste, ZaZen oder andere Zenmethoden, benötigen nicht unbedingt einen Raum, es könnte auch ein Platz oder Halle sein, aber es ist ungleich schwieriger an anderen Orten diese Stimmung zu erzeugen. Ich las einmal über einen Karateschüler in Japan, dass sein Dojo ein Hof einer Schule war. Vor jedem Training fegten die Schüler den Platz, nahmen in einer Reihe vor dem Sensei Platz. So kann auch ein Dojo entstehen. In unserem Fall, dem Aikido Dojo Seishinkan, wollten wir einen Raum, der uns Platz zum Training gibt, aber auch zur Begegnung dienen kann, für weitere Kurse, die das Training fördern.\n\nIch sehe die Veränderung unseres Dojo und seiner Besucher. Manch einer verändert sich bald. er oder sie reflektieren ihre Umgebung, ihre Arbeit, ihr Benehmen und Aikido, und verändern es zum Besseren. Manch einer scheint für ein Dojoleben geboren, ein anderer tut sich schwer, aber jeder macht eine Entwicklung durch. Durch eigene Reflektion, durch die der Partner im Dojo oder des Lehrers. Einige geben auf, sie wollen nicht ihr Ego preisgeben oder fühlen sich fehl am Platz. Aber immer denke ich, ein wenig nehmen sie mit, auch wenn sie es nicht wollen. Andere kehren nach Jahren zurück und fühlen das Bedürfnis nach Veränderung, oder sie suchen Halt nach einem schlimmen Erlebnis. Das Dojo, in diesem Fall alles was dort ist, kann einem Kraft geben, mehr noch, die eigene Kraft wiederzuentdecken, das Ki wieder zum Fließen zu bringen. Das spürt jeder, der eine Zeitlang in einem Dojo war.\n\nStärke, Toleranz, Flexibilität, Vertrauen, Kraft, Ausdauer, Selbstsicherheit, viele Ausdrücke für eine Sache, für das fließendes Ki. Darum denke ich, dass ein Dojo nötig ist für die Menschen, es ist nötig um Aikido zu üben, es ist nie Selbstzweck. Ein schön dekorierter Raum, edel ausgestattet, kann dieselbe spirituelle Aussage wie ein U-Bahntunnel haben. Auch das fühlt man.\n\nLetztlich kann man das alles in die esoterische Ecke schieben, realistisch betrachtet sind solche Dinge nicht beweisbar, wissenschaftlich gesehen alles Placebo, spiritistischer Unfug... Aber Aikido lehrt einen, sich selbst besser kennenzulernen. Der Eine in mir weiß mittlerweise sehr genau was gut für ihn ist.\n\nZum Beispiel ins Dojo zu gehen und zu trainieren.',NULL,'right','Eckhardt Hemkemeier','2006-04-14',NULL,1,'2007-12-13 23:24:35','2007-12-13 23:24:35'),(4,'Schnee, Eis und Schweiß – Shimizu Sensei in Oberhaching und Deggendorf','Aikido im Jahrhundertwinter, 6. – 12.03.2006','Gaëlle und ich wollten eigentlich mit dem Auto am Montag nach Oberhaching, Nähe München fahren. Aber am Sonntag, Senseis Abreise von Berlin nach München, wurde vor Eis und Schnee, Staus und großen Problemen gewarnt. Also buchten wir in letzer Sekunde einen Flug für Dienstag in der Früh, um pünktlich zum Training in der Sportschule Oberhaching zu sein.\n\nUm 5.30 Uhr waren wir am Flughafen und warteten dann doch eine halbe Stunde länger als geplant. Auch die S-Bahn in München fuhr ein wenig langsamer als gewohnt. Überall waren Schnee- und Eisberge zu sehen, festgefahrene Schneedecken, meterhoch eingeschneite Autos. Eine weiße Traumlandschaft zog an uns vorbei, für die Bayern nun wohl eher eine Alptraumlandschaft.\n\nEtwas zu spät waren wir dann doch, aber Sensei nahm es uns nicht übel, tags zuvor hatte er selbst 2 Stunden auf seinen Flieger warten dürfen. Der Lehrgang, organisiert von Matze aus Bad Kitzingen, unterstützt von engagierten Gröbenzellern, hatte schon am Nachmittag zuvor begonnen und die 100 Aikidoka waren schon gut eingestimmt. Sensei war voll des Lobes über die Lehrgänge in Genk und Berlin zuvor und erwartete dies auch hier. Die Teilnehmer enttäuschten ihn nicht. Seine Einstellung zum Budo und unermüdliche Inspiration sprang wie so oft auf uns über.\n\nTrotz der unglaublich schlechten Klimaanlage(die Erbauer sollten mal nach Japan fahren), der weich und hart gemischten Matten, ließen sich die Teilnehmer die Freude nicht nehmen. Aber 1 1/4 Stunden morgens und 2 Stunden nachmittags, verlangten ihren Tribut. Husten und Atemnot erklang überall, einige Mägen konnten sich wohl auch nicht mit der Großküchenkost anfreuden.\n\nImmer wieder unterbrach Sensei das Training, um von seinen Erfahrungen im Judo, dann im Aikido mit O\'Sensei zu berichten. Immer wieder ermahnte er uns, und damit auch auch sich selbst, wie er betonte, nicht den Budogeist zu vergessen, den Kampf mit sich selbst zu führen, nicht aufzugeben wenn es hart wird und zu wachsen an der Konzentration und Anstrengung.\n\nStock- und Schwertraining, auch eine Stunde mit dem Messer, brachten eine interessante Abwechslung. Immer wieder wies Sensei uns darauf hin, dass wir kein Yaido, Kendo oder ähnliches machen, sonder Aikiken, Aikijo.\n\nVon Zeit zu Zeit führte er dann auch das Ukemi vor, welches immer wieder faszinierend ist. Ich selbst hatte das Vergnügen Sensei mit einem Kokyunage werfen zu dürfen. Solch einen Uke wünscht man sich für alle Tage. Unglaublich gleichmäßig und Timing folgte er meiner Technik.\n\nDas wurde für mich das Motto der restlichen Aikidotage dieser Lehrgänge.\n\nAm Ende des Lehrgangs war Sensei voll des Lobes über die Teilnehmer, sie haben nicht aufgegeben und sind gewachsen an der Herausforderung. Auch war wieder überrascht über die Leidenschaft und die Verbesserung des Aikido der gemischten Gruppe aus ganz Deutschland.\n\nAm Sonnabend mußten wir dann leider unseren gasfreundlichen Freunde Carolina und Bert verlassen und es ging mit der lustigen Jugengruppe von Großhadern, die uns freundlicherweise aufnahm, mit dem Zug nach Deggendorf. Das kurzfristige Tief und damit Schmelzwasser, hatte schon viele Flüsse über die Ufer treten lassen und so sahen wir bei der Ankunft in Deggendorf die Donau schon in einigen Vorgärten. Aber es wurde schon wieder kälter und schneite auch auch schon wieder. Fast wäre auch der Lehrgang abgesagt worden, da hier die Hallen alle mit meterdicken Schneedecken bedeckt waren. Robert Hundshammer, Aikidourgestein und humorvoller Organisator des zum 30jährigen Bestehens des Aikido in Deggendorf Festslehrgang, begrüßte Teilnehmer und Sensei mit freundlichen Worten.\n\nAm nächsten Morgen begrüßte uns auch die Oberbürgemeisterin von Deggendorf mit salbungsvoller Stimme, und wir erfuhren was wir im Aikido eigentlich machen, und wie schön das doch ist. Da war für Robert der richtige Zeitpunkt gekommen. wie er es vertanden hätte, sei zum Beispiel die Halle für die Aikidoka immer offen, was dann die geehrte Frau Bürgermeisterin nicht bestreiten wollte, sondern auch noch bekräftigte. Begeistert ablaudierten ihr die Teilnehmer und auch Sensei war voll des Lobes für solch ein Engagement und Verständis des Aikido.\n\nZum Schluß gab es auch großen Ablaus für Sensei und Birgit, die wieder einmal 3 Wochen an Senseis Seite dolmetschte und Ukemi für ihn machte.\n\nGaëlle und ich bedanken uns auf diesem Wege auch noch einmal bei Stefan, der uns so komfortabel aufnahm, bei den fleißigen Organisatoren und den Teilnehmern der beiden Lehrgänge, für die schönen Techniken und Ukemi, die schönen Gespäche und die lustigen Abende.\n\nAuf ein baldiges Wiedersehen',NULL,'right','Gaëlle und Eckhardt Hemkemeier','2006-03-15',NULL,1,'2007-12-13 23:24:35','2007-12-13 23:24:35');
/*!40000 ALTER TABLE `website_beitrag` ENABLE KEYS */;
UNLOCK TABLES;

--
-- Table structure for table `website_bild`
--

DROP TABLE IF EXISTS `website_bild`;
CREATE TABLE `website_bild` (
  `id` int(11) NOT NULL auto_increment,
  `name` varchar(200) NOT NULL,
  `bild` varchar(100) NOT NULL,
  `vorschau` varchar(100) NOT NULL,
  `max_breit` int(11) NOT NULL,
  `max_hoch` int(11) NOT NULL,
  `public` tinyint(1) NOT NULL,
  `creation` datetime NOT NULL,
  `modified` datetime NOT NULL,
  PRIMARY KEY  (`id`),
  UNIQUE KEY `name` (`name`)
) ENGINE=MyISAM AUTO_INCREMENT=5 DEFAULT CHARSET=utf8;

--
-- Dumping data for table `website_bild`
--

LOCK TABLES `website_bild` WRITE;
/*!40000 ALTER TABLE `website_bild` DISABLE KEYS */;
INSERT INTO `website_bild` VALUES (1,'titel','bilder/titel.jpg','bilder/thumbs/titel_____________.jpg',200,200,1,'2007-12-13 23:24:35','2007-12-13 23:24:35'),(2,'aikido4C','bilder/aikido4C.jpg','bilder/thumbs/aikido4C____________.jpg',200,200,1,'2007-12-13 23:24:35','2007-12-13 23:24:35'),(3,'tendo_cal','bilder/tendo_cal.jpg','bilder/thumbs/tendo_cal____________.jpg',200,200,1,'2007-12-13 23:24:35','2007-12-13 23:24:35'),(4,'Seishinkall-Kall-c1000_2','bilder/Seishinkall-Kall-c1000_2.jpg','bilder/thumbs/Seishinkall-Kall-c1000_2____________.jpg',200,200,1,'2007-12-13 23:24:35','2007-12-13 23:24:35');
/*!40000 ALTER TABLE `website_bild` ENABLE KEYS */;
UNLOCK TABLES;

--
-- Table structure for table `website_kategorie`
--

DROP TABLE IF EXISTS `website_kategorie`;
CREATE TABLE `website_kategorie` (
  `id` int(11) NOT NULL auto_increment,
  `name` varchar(200) NOT NULL,
  `name_en` varchar(200) NOT NULL,
  `name_ja` varchar(200) NOT NULL,
  `slug` varchar(50) NOT NULL,
  `position` int(11) NOT NULL,
  `parent_id` int(11) default NULL,
  `public` tinyint(1) NOT NULL,
  `creation` datetime NOT NULL,
  `modified` datetime NOT NULL,
  PRIMARY KEY  (`id`),
  KEY `website_kategorie_slug` (`slug`),
  KEY `website_kategorie_parent_id` (`parent_id`)
) ENGINE=MyISAM AUTO_INCREMENT=11 DEFAULT CHARSET=utf8;

--
-- Dumping data for table `website_kategorie`
--

LOCK TABLES `website_kategorie` WRITE;
/*!40000 ALTER TABLE `website_kategorie` DISABLE KEYS */;
INSERT INTO `website_kategorie` VALUES (1,'Startseite','Home','ホーム','',0,NULL,1,'2007-12-13 23:24:35','2007-12-13 23:24:35'),(2,'Aikido','','合気道','',1,NULL,1,'2007-12-13 23:24:35','2007-12-13 23:24:35'),(3,'Tendo','Tendo','天道','',2,NULL,1,'2007-12-13 23:24:35','2007-12-13 23:24:35'),(4,'Seishinkan','','清心館','',3,NULL,1,'2007-12-13 23:24:35','2007-12-14 00:03:18'),(5,'Training','','けいこ','',4,NULL,1,'2007-12-13 23:24:35','2007-12-13 23:24:35'),(6,'Links','','リンク','',5,NULL,1,'2007-12-13 23:24:35','2007-12-13 23:24:35'),(7,'Kontakt','Contact','コンタクト','',6,NULL,1,'2007-12-13 23:24:35','2007-12-13 23:24:35'),(8,'Anfahrt','','','',0,7,1,'2007-12-13 23:24:35','2007-12-13 23:24:35'),(9,'Anfänger','Beginners','','',0,5,1,'2007-12-13 23:24:35','2007-12-13 23:24:35'),(10,'Kinder','Children','','',1,5,1,'2007-12-13 23:24:35','2007-12-13 23:24:35');
/*!40000 ALTER TABLE `website_kategorie` ENABLE KEYS */;
UNLOCK TABLES;

--
-- Table structure for table `website_konfiguration`
--

DROP TABLE IF EXISTS `website_konfiguration`;
CREATE TABLE `website_konfiguration` (
  `id` int(11) NOT NULL auto_increment,
  `name` varchar(200) NOT NULL,
  `trainingskategorie_id` int(11) NOT NULL,
  `public` tinyint(1) NOT NULL,
  `creation` datetime NOT NULL,
  `modified` datetime NOT NULL,
  PRIMARY KEY  (`id`),
  KEY `website_konfiguration_trainingskategorie_id` (`trainingskategorie_id`)
) ENGINE=MyISAM AUTO_INCREMENT=2 DEFAULT CHARSET=utf8;

--
-- Dumping data for table `website_konfiguration`
--

LOCK TABLES `website_konfiguration` WRITE;
/*!40000 ALTER TABLE `website_konfiguration` DISABLE KEYS */;
INSERT INTO `website_konfiguration` VALUES (1,'Standard',5,1,'2007-12-13 23:24:35','2007-12-13 23:24:35');
/*!40000 ALTER TABLE `website_konfiguration` ENABLE KEYS */;
UNLOCK TABLES;

--
-- Table structure for table `website_termin`
--

DROP TABLE IF EXISTS `website_termin`;
CREATE TABLE `website_termin` (
  `id` int(11) NOT NULL auto_increment,
  `title` varchar(200) NOT NULL,
  `text` longtext NOT NULL,
  `ort` varchar(200) NOT NULL,
  `bild_id` int(11) default NULL,
  `bild_ausrichtung` varchar(200) NOT NULL,
  `beginn` date NOT NULL,
  `ende` date NOT NULL,
  `public` tinyint(1) NOT NULL,
  `creation` datetime NOT NULL,
  `modified` datetime NOT NULL,
  PRIMARY KEY  (`id`),
  KEY `website_termin_bild_id` (`bild_id`)
) ENGINE=MyISAM AUTO_INCREMENT=5 DEFAULT CHARSET=utf8;

--
-- Dumping data for table `website_termin`
--

LOCK TABLES `website_termin` WRITE;
/*!40000 ALTER TABLE `website_termin` DISABLE KEYS */;
INSERT INTO `website_termin` VALUES (1,'kurzer Termin','','Hamburg',NULL,'right','2006-12-13','2008-12-13',1,'2007-12-13 23:24:35','2007-12-13 23:24:35'),(2,'alter Termin','','Berlin',NULL,'right','2005-12-13','2006-12-13',1,'2007-12-13 23:24:35','2007-12-13 23:24:35'),(3,'Termin heute','','Tokio',NULL,'right','2007-12-13','2007-12-13',1,'2007-12-13 23:24:35','2007-12-13 23:24:35'),(4,'Termin mit einem Namen, der länger als eine Zeile ist','','New York',NULL,'right','2008-12-13','2009-12-13',1,'2007-12-13 23:24:35','2007-12-13 23:24:35');
/*!40000 ALTER TABLE `website_termin` ENABLE KEYS */;
UNLOCK TABLES;

--
-- Table structure for table `website_training`
--

DROP TABLE IF EXISTS `website_training`;
CREATE TABLE `website_training` (
  `id` int(11) NOT NULL auto_increment,
  `von` time NOT NULL,
  `bis` time NOT NULL,
  `art_id` int(11) NOT NULL,
  `wochentag_id` int(11) NOT NULL,
  `public` tinyint(1) NOT NULL,
  `creation` datetime NOT NULL,
  `modified` datetime NOT NULL,
  PRIMARY KEY  (`id`),
  KEY `website_training_art_id` (`art_id`),
  KEY `website_training_wochentag_id` (`wochentag_id`)
) ENGINE=MyISAM AUTO_INCREMENT=12 DEFAULT CHARSET=utf8;

--
-- Dumping data for table `website_training`
--

LOCK TABLES `website_training` WRITE;
/*!40000 ALTER TABLE `website_training` DISABLE KEYS */;
INSERT INTO `website_training` VALUES (1,'20:15:00','21:30:00',1,1,1,'2007-12-13 23:24:35','2007-12-13 23:24:35'),(2,'08:00:00','09:00:00',2,2,1,'2007-12-13 23:24:35','2007-12-13 23:24:35'),(3,'16:30:00','18:00:00',3,2,1,'2007-12-13 23:24:35','2007-12-13 23:24:35'),(4,'18:15:00','19:45:00',1,2,1,'2007-12-13 23:24:35','2007-12-13 23:24:35'),(5,'18:30:00','20:00:00',4,3,1,'2007-12-13 23:24:35','2007-12-13 23:24:35'),(6,'20:00:00','21:30:00',1,3,1,'2007-12-13 23:24:35','2007-12-13 23:24:35'),(7,'08:00:00','09:00:00',2,4,1,'2007-12-13 23:24:35','2007-12-13 23:24:35'),(8,'16:30:00','18:00:00',3,4,1,'2007-12-13 23:24:35','2007-12-13 23:24:35'),(9,'20:30:00','21:45:00',1,4,1,'2007-12-13 23:24:35','2007-12-13 23:24:35'),(10,'18:00:00','18:30:00',5,5,1,'2007-12-13 23:24:35','2007-12-13 23:24:35'),(11,'18:30:00','20:00:00',4,5,1,'2007-12-13 23:24:35','2007-12-13 23:24:35');
/*!40000 ALTER TABLE `website_training` ENABLE KEYS */;
UNLOCK TABLES;

--
-- Table structure for table `website_trainingsart`
--

DROP TABLE IF EXISTS `website_trainingsart`;
CREATE TABLE `website_trainingsart` (
  `id` int(11) NOT NULL auto_increment,
  `name` varchar(200) NOT NULL,
  `name_en` varchar(200) NOT NULL,
  `name_ja` varchar(200) NOT NULL,
  `public` tinyint(1) NOT NULL,
  `creation` datetime NOT NULL,
  `modified` datetime NOT NULL,
  PRIMARY KEY  (`id`)
) ENGINE=MyISAM AUTO_INCREMENT=6 DEFAULT CHARSET=utf8;

--
-- Dumping data for table `website_trainingsart`
--

LOCK TABLES `website_trainingsart` WRITE;
/*!40000 ALTER TABLE `website_trainingsart` DISABLE KEYS */;
INSERT INTO `website_trainingsart` VALUES (1,'Training für alle','General training','全体練習',1,'2007-12-13 23:24:35','2007-12-13 23:24:35'),(2,'Frühtraining','Morning training','早朝練習',1,'2007-12-13 23:24:35','2007-12-13 23:24:35'),(3,'Kindertraining','Childrens training','子供',1,'2007-12-13 23:24:35','2007-12-13 23:24:35'),(4,'Anfängerkurs','Beginners course','初心者 ',1,'2007-12-13 23:24:35','2007-12-13 23:24:35'),(5,'Freies Training','Free exercise ','自由練習',1,'2007-12-13 23:24:35','2007-12-13 23:24:35');
/*!40000 ALTER TABLE `website_trainingsart` ENABLE KEYS */;
UNLOCK TABLES;

--
-- Table structure for table `website_wochentag`
--

DROP TABLE IF EXISTS `website_wochentag`;
CREATE TABLE `website_wochentag` (
  `id` int(11) NOT NULL auto_increment,
  `name` varchar(200) NOT NULL,
  `name_en` varchar(200) NOT NULL,
  `name_ja` varchar(200) NOT NULL,
  `index` int(11) NOT NULL,
  `public` tinyint(1) NOT NULL,
  `creation` datetime NOT NULL,
  `modified` datetime NOT NULL,
  PRIMARY KEY  (`id`)
) ENGINE=MyISAM AUTO_INCREMENT=8 DEFAULT CHARSET=utf8;

--
-- Dumping data for table `website_wochentag`
--

LOCK TABLES `website_wochentag` WRITE;
/*!40000 ALTER TABLE `website_wochentag` DISABLE KEYS */;
INSERT INTO `website_wochentag` VALUES (1,'Montag','Monday','月',0,1,'2007-12-13 23:24:35','2007-12-13 23:24:35'),(2,'Dienstag','Tuesday','火',1,1,'2007-12-13 23:24:35','2007-12-13 23:24:35'),(3,'Mittwoch','Wednesday','水',2,1,'2007-12-13 23:24:35','2007-12-13 23:24:35'),(4,'Donnerstag','Thursday','木',3,1,'2007-12-13 23:24:35','2007-12-13 23:24:35'),(5,'Freitag','Friday','金',4,1,'2007-12-13 23:24:35','2007-12-13 23:24:35'),(6,'Samstag','Saturday','土',5,1,'2007-12-13 23:24:35','2007-12-13 23:24:35'),(7,'Sonntag','Sunday','日',6,1,'2007-12-13 23:24:35','2007-12-13 23:24:35');
/*!40000 ALTER TABLE `website_wochentag` ENABLE KEYS */;
UNLOCK TABLES;
/*!40103 SET TIME_ZONE=@OLD_TIME_ZONE */;

/*!40101 SET SQL_MODE=@OLD_SQL_MODE */;
/*!40014 SET FOREIGN_KEY_CHECKS=@OLD_FOREIGN_KEY_CHECKS */;
/*!40014 SET UNIQUE_CHECKS=@OLD_UNIQUE_CHECKS */;
/*!40101 SET CHARACTER_SET_CLIENT=@OLD_CHARACTER_SET_CLIENT */;
/*!40101 SET CHARACTER_SET_RESULTS=@OLD_CHARACTER_SET_RESULTS */;
/*!40101 SET COLLATION_CONNECTION=@OLD_COLLATION_CONNECTION */;
/*!40111 SET SQL_NOTES=@OLD_SQL_NOTES */;

-- Dump completed on 2007-12-14 23:42:05
